"","n.M.police","n.F.police","n.U.police.gender","n.W.police","n.B.police","n.A.police","n.L.police","n.O.police","id"
"1",1,0,0,0,0,0,1,0,1866394
"2",2,0,0,2,0,0,0,0,1924711
"3",1,0,0,1,0,0,0,0,840208
"4",1,0,0,1,0,0,0,0,3021968
"5",1,0,0,1,0,0,0,0,1398658
"6",2,0,0,2,0,0,0,0,1398402
"7",3,0,0,2,0,0,1,0,2786240
"8",1,0,0,1,0,0,0,0,1146613
"9",1,0,0,1,0,0,0,0,517461
"10",1,0,0,1,0,0,0,0,3846387
"11",1,0,0,1,0,0,0,0,239046
"12",1,0,0,1,0,0,0,0,865090
"13",1,0,0,1,0,0,0,0,1141005
"14",1,0,0,1,0,0,0,0,4037582
"15",1,0,0,1,0,0,0,0,76650
"16",0,1,0,1,0,0,0,0,1524034
"17",5,1,0,4,0,0,2,0,851448
"18",1,0,0,0,0,0,1,0,3955718
"19",1,0,0,0,0,0,1,0,3931374
"20",2,0,0,1,0,0,1,0,288062
"21",1,0,0,1,0,0,0,0,2670171
"22",1,0,0,1,0,0,0,0,4447884
"23",1,0,0,1,0,0,0,0,3832982
"24",1,0,0,1,0,0,0,0,4385459
"25",1,0,0,1,0,0,0,0,466908
"26",2,0,0,2,0,0,0,0,1570143
"27",1,0,0,1,0,0,0,0,4014097
"28",1,0,0,1,0,0,0,0,1292062
"29",1,0,0,1,0,0,0,0,639066
"30",1,0,0,0,0,0,1,0,3518430
"31",1,0,0,1,0,0,0,0,2560075
"32",3,0,0,2,0,0,1,0,4221190
"33",1,0,0,0,0,0,1,0,2096397
"34",1,0,0,1,0,0,0,0,1407333
"35",1,0,0,0,0,0,1,0,1681318
"36",1,0,0,1,0,0,0,0,4339586
"37",2,0,1,0,0,0,1,0,1038153
"38",1,0,0,0,0,0,1,0,2356323
"39",3,0,0,2,0,0,1,0,4148532
"40",9,1,1,4,1,0,4,0,1064982
"41",1,0,0,1,0,0,0,0,1473003
"42",1,0,0,1,0,0,0,0,3154891
"43",1,0,0,1,0,0,0,0,521933
"44",1,0,0,1,0,0,0,0,4966058
"45",2,0,0,1,0,0,1,0,4550714
"46",1,0,0,1,0,0,0,0,4003167
"47",1,0,0,1,0,0,0,0,1638671
"48",0,0,1,0,0,0,0,0,1026876
"49",0,0,1,0,0,0,0,0,1621761
"50",1,0,0,0,1,0,0,0,801544
"51",1,0,0,0,1,0,0,0,898351
"52",2,0,0,0,2,0,0,0,1874604
"53",0,0,1,0,0,0,0,0,1067107
"54",0,0,1,0,0,0,0,0,4769922
"55",0,0,1,0,0,0,0,0,1255321
"56",0,1,0,0,1,0,0,0,1590125
"57",2,0,9,0,2,0,0,0,1506706
"58",3,0,0,0,2,0,1,0,3004324
"59",1,0,0,1,0,0,0,0,3116339
"60",1,0,0,1,0,0,0,0,4238311
"61",1,0,0,1,0,0,0,0,2570474
"62",2,0,0,0,2,0,0,0,4269293
"63",1,0,0,0,1,0,0,0,737639
"64",0,0,1,0,0,0,0,0,2008720
"65",1,0,0,0,1,0,0,0,4657111
"66",3,0,0,2,1,0,0,0,2003305
"67",2,0,0,1,1,0,0,0,3553295
"68",2,0,0,0,2,0,0,0,3833572
"69",0,0,1,0,0,0,0,0,3271722
"70",1,0,0,1,0,0,0,0,4040305
"71",0,0,1,0,0,0,0,0,145943
"72",0,0,1,0,0,0,0,0,559535
"73",0,1,0,0,1,0,0,0,4633265
"74",1,0,0,1,0,0,0,0,1483266
"75",1,0,0,0,1,0,0,0,3338861
"76",0,1,0,1,0,0,0,0,2568461
"77",0,0,1,0,0,0,0,0,462779
"78",1,0,0,1,0,0,0,0,1894657
"79",1,0,0,0,1,0,0,0,2079698
"80",2,1,0,0,3,0,0,0,2367290
"81",1,0,0,1,0,0,0,0,425441
"82",2,0,0,1,1,0,0,0,374689
"83",1,0,0,1,0,0,0,0,1812952
"84",1,0,0,0,1,0,0,0,2335299
"85",2,0,0,1,1,0,0,0,2107693
"86",1,0,0,0,1,0,0,0,2606330
"87",2,0,0,1,1,0,0,0,84281
"88",1,0,0,0,1,0,0,0,1462534
"89",1,0,0,0,1,0,0,0,682779
"90",2,0,0,1,1,0,0,0,2282098
"91",2,0,0,0,2,0,0,0,3630453
"92",0,0,1,0,0,0,0,0,205848
"93",1,0,0,0,1,0,0,0,2673390
"94",0,0,1,0,0,0,0,0,3559646
"95",0,0,1,0,0,0,0,0,42835
"96",0,0,1,0,0,0,0,0,2576245
"97",0,0,1,0,0,0,0,0,4516240
"98",0,0,1,0,0,0,0,0,818588
"99",1,0,0,0,1,0,0,0,3162263
"100",0,0,1,0,0,0,0,0,3931603
"101",1,0,0,1,0,0,0,0,2634180
"102",1,0,0,0,1,0,0,0,768993
"103",1,0,0,0,1,0,0,0,3563646
"104",0,0,1,0,0,0,0,0,4776568
"105",1,0,0,0,1,0,0,0,4666574
"106",0,0,1,0,0,0,0,0,4831344
"107",0,0,1,0,0,0,0,0,4605375
"108",0,0,1,0,0,0,0,0,3399820
"109",1,0,0,0,1,0,0,0,2153881
"110",2,0,0,1,1,0,0,0,1311532
"111",0,0,1,0,0,0,0,0,773731
"112",2,0,0,1,1,0,0,0,3945141
"113",1,0,0,0,1,0,0,0,4758690
"114",0,0,1,0,0,0,0,0,3798724
"115",0,0,1,0,0,0,0,0,3026428
"116",1,0,0,0,1,0,0,0,2922002
"117",1,0,0,1,0,0,0,0,4154649
"118",1,0,0,1,0,0,0,0,3511184
"119",3,0,0,2,0,1,0,0,4110841
"120",1,0,0,0,0,0,1,0,4103610
"121",1,0,0,1,0,0,0,0,1625344
"122",1,0,0,1,0,0,0,0,4399238
"123",2,0,0,2,0,0,0,0,3584180
"124",1,0,0,1,0,0,0,0,1336330
"125",1,0,0,1,0,0,0,0,1113901
"126",1,0,0,1,0,0,0,0,2958230
"127",2,0,0,2,0,0,0,0,3398828
"128",1,0,0,1,0,0,0,0,751083
"129",1,0,0,1,0,0,0,0,4102647
"130",1,1,0,2,0,0,0,0,4151088
"131",1,0,0,0,0,0,1,0,4567014
"132",2,0,0,1,0,0,1,0,625608
"133",1,0,0,1,0,0,0,0,999699
"134",1,0,0,1,0,0,0,0,1080901
"135",3,0,0,2,0,0,1,0,1546687
"136",1,1,0,1,0,0,1,0,3026929
"137",1,0,0,0,1,0,0,0,2869196
"138",1,0,0,1,0,0,0,0,1596106
"139",1,0,0,0,0,0,1,0,3246265
"140",1,0,0,1,0,0,0,0,2689852
"141",1,0,0,0,0,0,1,0,4307754
"142",1,0,0,1,0,0,0,0,994169
"143",1,0,0,0,1,0,0,0,1576524
"144",2,0,0,1,0,0,1,0,2315257
"145",1,0,0,1,0,0,0,0,1603599
"146",1,0,0,1,0,0,0,0,1688307
"147",1,0,0,0,0,0,1,0,2149127
"148",2,0,0,2,0,0,0,0,762109
"149",1,0,0,1,0,0,0,0,1311932
"150",1,0,0,1,0,0,0,0,3863120
"151",1,0,0,1,0,0,0,0,547936
"152",2,0,0,1,1,0,0,0,2467796
"153",1,0,0,0,0,1,0,0,4440920
"154",0,0,1,0,0,0,0,0,3914493
"155",0,0,0,0,1,0,0,0,4121026
"156",0,0,0,3,3,0,0,0,3657345
"157",0,0,0,3,3,0,0,0,4302278
"158",0,0,0,2,0,0,0,0,4227489
"159",0,0,1,0,0,0,0,0,938486
"160",0,0,0,3,0,0,0,0,336758
"161",0,0,1,0,0,0,0,0,901721
"162",0,0,0,3,3,0,0,0,1713483
"163",0,0,0,3,0,0,0,0,1266657
"164",0,0,0,1,0,0,0,0,1746217
"165",0,0,0,1,1,0,0,0,3671320
"166",0,0,0,1,1,0,1,0,1114426
"167",0,0,0,0,1,0,0,0,2926935
"168",0,0,1,0,0,0,0,0,807792
"169",0,0,1,0,0,0,0,0,4447855
"170",0,0,0,0,1,0,0,0,4661039
"171",0,0,0,1,0,0,0,0,2784438
"172",0,0,1,0,0,0,0,0,543887
"173",0,0,0,1,0,0,0,0,3524111
"174",0,0,1,0,0,0,0,0,3932311
"175",0,0,0,1,0,0,0,0,3674190
"176",0,0,0,0,1,0,0,0,2082537
"177",0,0,0,0,1,0,0,0,3750396
"178",0,0,0,0,1,0,0,0,882145
"179",0,0,1,0,0,0,0,0,2736781
"180",0,0,1,0,0,0,0,0,2538629
"181",0,0,0,1,3,0,0,0,3355537
"182",0,0,0,0,1,0,0,0,3528437
"183",0,0,0,2,0,0,0,0,1610051
"184",0,0,1,0,0,0,0,0,982979
"185",0,0,0,1,0,0,0,0,3632388
"186",0,0,0,2,0,0,0,0,4269093
"187",0,0,0,0,1,0,0,0,256605
"188",0,0,0,0,2,0,0,0,4866097
"189",0,0,0,1,1,0,0,0,40578
"190",0,0,0,1,1,0,0,0,4911342
"191",0,0,0,3,3,0,0,0,1395605
"192",0,0,0,1,0,0,0,0,4532479
"193",0,0,0,0,1,0,0,0,478483
"194",0,0,0,1,0,0,1,0,4627851
"195",0,0,0,0,2,0,1,0,4495943
"196",0,0,0,1,0,0,0,0,1608285
"197",0,0,0,0,0,0,1,0,2593825
"198",0,0,0,1,0,0,1,0,1035209
"199",0,0,1,0,0,0,0,0,3797421
"200",0,0,1,0,0,0,0,0,3772252
"201",0,0,0,1,0,0,0,0,3487191
"202",0,0,1,0,0,0,0,0,1707997
"203",0,0,1,0,0,0,0,0,4486458
"204",0,0,0,1,0,0,0,0,1697677
"205",0,0,0,2,1,0,0,0,2909337
"206",0,0,0,1,0,0,0,0,3086172
"207",0,0,0,1,1,0,0,0,3217359
"208",0,0,1,0,0,0,0,0,4793232
"209",0,0,0,1,0,0,0,0,2399896
"210",0,0,1,0,0,0,0,0,1287767
"211",0,0,0,3,0,0,0,0,1177135
"212",0,0,1,0,0,0,0,0,527519
"213",0,0,1,0,0,0,0,0,2649772
"214",0,0,0,1,1,0,1,0,4627654
"215",0,0,0,1,0,0,0,0,2790679
"216",0,0,0,2,0,0,0,0,4255822
"217",0,0,0,1,1,0,0,0,3096575
"218",0,0,0,1,0,0,0,0,1812654
"219",0,0,1,0,0,0,0,0,619628
"220",0,0,1,0,0,0,0,0,2831903
"221",0,0,0,1,0,0,0,0,4748853
"222",0,0,0,0,1,0,0,0,1953611
"223",0,0,0,0,1,0,0,0,164000
"224",0,0,0,1,0,0,0,0,3642156
"225",0,0,0,1,0,0,0,0,4631608
"226",0,0,0,0,0,0,1,0,3086539
"227",0,0,1,0,0,0,0,0,2188333
"228",0,0,0,2,1,0,0,0,2977965
"229",0,0,1,0,0,0,0,0,938387
"230",0,0,1,0,0,0,0,0,3349606
"231",0,0,0,1,0,0,0,0,1626130
"232",0,0,0,1,0,0,0,0,2354146
"233",0,0,0,0,2,0,0,0,3420467
"234",0,0,0,2,1,0,0,0,2874378
"235",0,0,0,0,1,0,0,0,381342
"236",0,0,0,0,0,0,1,0,948597
"237",0,0,1,0,0,0,0,0,4270073
"238",0,0,0,1,0,0,1,0,144324
"239",0,0,0,1,0,0,0,0,2383011
"240",0,0,0,1,0,1,0,0,1276062
"241",0,0,0,1,0,0,0,0,1936186
"242",0,0,0,1,0,0,3,0,3424161
"243",0,0,0,0,2,0,0,0,3779825
"244",0,0,0,0,1,0,0,0,3590109
"245",0,0,0,0,1,0,0,0,2528321
"246",0,0,1,0,0,0,0,0,2487145
"247",1,0,0,1,0,0,0,0,1324288
"248",3,0,1,0,0,0,0,0,3001844
"249",3,0,0,2,1,0,0,0,1846606
"250",2,0,2,0,0,0,0,0,950894
"251",2,0,0,2,0,0,0,0,39560
"252",1,0,1,0,0,0,0,0,805458
"253",2,0,0,0,2,0,0,0,118595
"254",2,0,0,2,0,0,0,0,1967075
"255",1,0,0,1,0,0,0,0,2011176
"256",1,0,0,1,0,0,0,0,676076
"257",2,0,0,1,1,0,0,0,4920672
"258",1,0,0,1,0,0,0,0,1358536
"259",1,0,0,1,0,0,0,0,4701991
"260",0,1,0,1,0,0,0,0,265820
"261",1,0,0,0,1,0,0,0,474738
"262",1,0,0,1,0,0,0,0,3221440
"263",1,0,0,1,0,0,0,0,278803
"264",1,0,0,1,0,0,0,0,4197366
"265",1,0,0,0,0,2,0,0,4978668
"266",2,0,0,2,0,0,0,0,811736
"267",1,0,0,1,0,0,0,0,4613908
"268",1,0,0,1,0,0,0,0,4730106
"269",1,0,0,1,0,0,0,0,4109242
"270",2,0,0,1,1,0,0,0,4308736
"271",1,0,0,1,0,0,0,0,4619367
"272",9,0,0,8,0,0,0,0,2909235
"273",1,0,0,0,1,0,0,0,4440130
"274",1,0,0,0,1,0,0,0,1597246
"275",1,0,0,0,1,0,0,0,3739942
"276",1,0,0,1,0,0,0,0,2946841
"277",1,0,0,1,0,0,0,0,3190210
"278",1,0,0,1,0,0,0,0,3434274
"279",1,0,0,1,0,0,0,0,4016843
"280",1,0,0,1,0,0,0,0,3295655
"281",1,0,0,1,0,0,0,0,3146105
"282",2,0,0,2,0,0,0,0,4441507
"283",2,0,0,2,0,0,0,0,2635768
"284",2,0,0,1,0,1,0,0,1038283
"285",1,0,0,0,0,1,0,0,4096450
"286",1,0,0,1,0,0,0,0,4865771
"287",1,0,0,0,0,0,1,0,4056365
"288",1,0,0,1,0,0,0,0,1264361
"289",1,0,0,0,1,0,0,0,4162948
"290",1,0,0,1,0,0,0,0,3793774
"291",1,0,0,0,0,0,1,0,2370081
"292",1,0,0,1,0,0,0,0,4051425
"293",1,0,0,0,0,1,0,0,436668
"294",3,0,0,1,1,0,1,0,2282099
"295",2,0,0,2,0,0,0,0,1998823
"296",1,0,0,0,0,0,1,0,1305160
"297",2,0,0,2,0,0,0,0,3148980
"298",7,1,0,3,0,0,5,0,2474330
"299",1,0,0,0,0,1,0,0,4132074
"300",1,0,0,1,0,0,0,0,3475582
"301",1,0,0,1,0,0,0,0,3761822
"302",1,1,0,0,0,0,2,0,1885241
"303",1,0,0,1,0,0,0,0,4700491
"304",1,0,0,0,1,0,0,0,691852
"305",1,0,0,0,0,0,1,0,2614944
"306",4,0,0,0,4,0,0,0,4388529
"307",1,0,0,1,0,0,0,0,4010632
"308",1,0,0,1,0,0,0,0,3540139
"309",2,0,0,0,2,0,0,0,2753724
"310",2,0,0,2,0,0,0,0,2356420
"311",0,0,1,0,0,0,0,0,1532203
"312",1,0,1,0,1,0,0,0,4861637
"313",1,0,0,0,1,0,0,0,4807932
"314",5,0,0,1,1,0,3,0,1865724
"315",1,0,0,0,0,0,1,0,1555981
"316",1,0,0,0,0,0,1,0,284432
"317",1,0,0,1,0,0,0,0,4923022
"318",4,0,0,2,0,0,2,0,1654909
"319",1,0,0,0,1,0,0,0,2247286
"320",1,0,0,0,0,0,1,0,261438
"321",3,0,0,2,0,0,1,0,888501
"322",3,0,0,1,0,0,2,0,1904202
"323",2,0,0,1,0,0,1,0,1633580
"324",1,0,0,1,0,0,0,0,3475654
"325",1,0,0,1,0,0,0,0,530632
"326",9,0,0,1,5,0,3,0,4784477
"327",1,0,0,0,1,0,0,0,3982891
"328",1,0,0,0,0,1,0,0,1635037
"329",1,0,0,0,0,0,1,0,2570871
"330",1,0,0,1,0,0,0,0,968307
"331",2,0,0,2,0,0,0,0,1143057
"332",1,0,0,1,0,0,0,0,3729988
"333",1,1,0,1,0,0,1,0,2369142
"334",1,0,0,0,0,0,1,0,3824450
"335",1,0,0,0,0,0,1,0,2493950
"336",1,0,0,1,0,0,0,0,2809292
"337",1,0,0,1,0,0,0,0,312678
"338",2,0,0,2,0,0,0,0,63589
"339",2,0,0,0,2,0,0,0,3115871
"340",1,0,0,0,1,0,0,0,3172113
"341",0,2,0,0,2,0,0,0,3654495
"342",2,0,0,2,0,0,0,0,2447862
"343",2,0,0,0,1,0,1,0,1056954
"344",0,1,0,0,1,0,0,0,4323131
"345",1,0,0,0,0,0,1,0,1092852
"346",1,0,0,1,0,0,0,0,2662462
"347",1,0,0,1,0,0,0,0,2687623
"348",1,0,0,1,0,0,0,0,1828497
"349",1,0,0,0,0,0,1,0,2080552
"350",1,0,0,1,0,0,0,0,4151323
"351",3,0,0,1,0,0,2,0,4098133
"352",1,0,0,0,0,0,1,0,2781713
"353",1,0,0,1,0,0,0,0,3149326
"354",1,0,0,0,1,0,0,0,3353026
"355",1,0,0,1,0,0,0,0,3275375
"356",2,0,0,1,1,0,0,0,1760794
"357",1,0,0,1,0,0,0,0,1305289
"358",2,0,0,2,0,0,0,0,4971492
"359",1,0,0,1,0,0,0,0,4052715
"360",1,0,0,1,0,0,0,0,1718919
"361",1,0,0,0,1,0,0,0,4005472
"362",1,0,0,0,1,0,0,0,2885373
"363",2,0,0,1,1,0,0,0,548589
"364",2,0,0,1,0,0,1,0,949076
"365",1,0,0,0,1,0,0,0,115549
"366",1,0,0,1,0,0,0,0,3663339
"367",1,0,0,0,0,0,1,0,4981022
"368",2,0,0,0,2,0,0,0,2247940
"369",1,0,0,0,0,0,1,0,101267
"370",1,0,0,1,0,0,0,0,3236923
"371",1,0,0,1,0,0,0,0,4206896
"372",1,0,0,0,1,0,0,0,2908109
"373",5,1,0,2,3,0,1,0,4526475
"374",0,1,0,1,0,0,0,0,3890022
"375",1,0,0,0,0,0,1,0,2963453
"376",1,0,0,1,0,0,0,0,3101532
"377",3,0,0,1,0,0,2,0,338323
"378",1,0,0,1,0,0,0,0,3492397
"379",2,0,0,2,0,0,0,0,3418563
"380",2,0,0,1,1,0,0,0,3771875
"381",2,0,0,1,0,0,1,0,1661976
"382",1,0,0,0,0,0,1,0,935146
"383",1,0,0,0,0,0,1,0,1997972
"384",3,0,0,2,0,1,0,0,2233062
"385",1,0,0,1,0,0,0,0,548105
"386",3,1,0,3,0,0,1,0,3729589
"387",1,0,0,0,0,0,1,0,2836306
"388",1,0,0,1,0,0,0,0,2112906
"389",1,0,0,1,0,0,0,0,4104430
"390",1,0,0,1,0,0,0,0,1445660
"391",2,0,0,2,0,0,0,0,3328719
"392",1,0,0,0,1,0,0,0,4923237
"393",1,0,0,0,1,0,0,0,4709225
"394",1,1,0,0,2,0,0,0,589852
"395",1,0,0,1,0,0,0,0,4394323
"396",2,0,0,1,0,0,1,0,1299118
"397",1,0,0,0,1,0,0,0,26187
"398",2,0,0,2,0,0,0,0,2066613
"399",2,0,0,1,0,0,1,0,3956446
"400",2,0,0,2,0,0,0,0,4210235
"401",1,0,0,1,0,0,0,0,240867
"402",3,0,0,2,1,0,0,0,4020705
"403",1,0,0,1,0,0,0,0,2273226
"404",2,0,0,1,0,0,1,0,3261776
"405",3,0,0,0,0,1,2,0,1719733
"406",1,0,0,1,0,0,0,0,4756923
"407",1,0,0,1,0,0,0,0,4753893
"408",1,0,0,0,0,0,1,0,4744007
"409",2,0,0,1,1,0,0,0,1569316
"410",1,0,0,0,1,0,0,0,1431508
"411",1,0,0,1,0,0,0,0,2746606
"412",2,0,0,1,1,0,0,0,251083
"413",2,0,0,2,0,0,0,0,4289405
"414",3,0,0,3,0,0,0,0,869837
"415",2,0,0,1,1,0,0,0,940408
"416",1,0,0,1,0,0,0,0,3559884
"417",1,0,0,0,1,0,0,0,3778141
"418",1,0,0,0,1,0,0,0,1814049
"419",2,0,0,1,0,0,1,0,3013308
"420",2,0,0,0,1,0,1,0,3340320
"421",3,1,0,3,0,0,1,0,3299650
"422",1,0,0,0,1,0,0,0,1686556
"423",1,0,0,0,0,1,0,0,4144987
"424",1,0,0,0,1,0,0,0,1640023
"425",4,0,0,3,0,0,1,0,4494048
"426",1,0,0,0,0,0,1,0,2350825
"427",2,0,0,1,0,0,1,0,134197
"428",1,0,0,1,0,0,0,0,561492
"429",3,0,0,2,0,0,1,0,275254
"430",1,0,0,0,0,0,1,0,228331
"431",3,0,0,1,0,0,2,0,906032
"432",1,0,0,0,1,0,0,0,2705275
"433",2,0,0,0,0,0,2,0,1182490
"434",2,0,0,2,0,0,0,0,4594665
"435",1,0,0,1,0,0,0,0,456825
"436",2,0,0,0,1,0,1,0,1532583
"437",1,0,0,0,1,0,0,0,2188614
"438",1,0,0,0,0,0,1,0,3710353
"439",1,1,0,2,0,0,0,0,683372
"440",0,1,0,1,0,0,0,0,2835897
"441",1,0,0,0,0,0,1,0,2688395
"442",0,0,1,0,0,0,0,0,2861292
"443",0,1,0,1,0,0,0,0,949967
"444",1,0,0,1,0,0,0,0,1233645
"445",1,0,0,0,0,1,0,0,910539
"446",5,0,0,1,1,0,3,0,283265
"447",1,0,0,1,0,0,0,0,609219
"448",7,1,0,3,0,0,5,0,3191491
"449",1,0,0,1,0,0,0,0,429408
"450",1,0,0,1,0,0,0,0,3671372
"451",1,3,0,1,3,0,0,0,236029
"452",2,0,0,0,0,0,2,0,3640956
"453",1,0,0,0,0,0,1,0,1489577
"454",1,0,0,0,0,0,1,0,2490547
"455",1,0,0,0,0,0,1,0,2109271
"456",1,1,0,0,2,0,0,0,2186083
"457",1,0,0,1,0,0,0,0,256453
"458",2,0,0,2,0,0,0,0,1752396
"459",2,0,0,2,0,0,0,0,2877342
"460",0,1,0,1,0,0,0,0,458695
"461",1,0,0,0,0,0,1,0,3384785
"462",1,0,0,0,0,0,1,0,4915859
"463",2,0,0,0,0,0,2,0,120186
"464",2,0,0,2,0,0,0,0,3340343
"465",1,0,0,0,0,1,0,0,1597846
"466",1,0,0,1,0,0,0,0,2766930
"467",1,0,0,0,1,0,0,0,447694
"468",2,0,0,2,0,0,0,0,4496973
"469",1,0,0,1,0,0,0,0,533123
"470",1,0,0,1,0,0,0,0,1378762
"471",1,0,0,1,0,0,0,0,1296231
"472",1,0,0,1,0,0,0,0,2500774
"473",1,0,0,0,0,0,1,0,1722544
"474",1,0,0,1,0,0,0,0,134952
"475",1,0,0,1,0,0,0,0,1189515
"476",4,0,0,0,4,0,0,0,1459237
"477",1,0,0,1,0,0,0,0,1595211
"478",0,1,0,0,1,0,0,0,4760153
"479",1,0,0,0,1,0,0,0,3045927
"480",1,0,0,1,0,0,0,0,4909515
"481",4,0,0,1,0,0,3,0,4262740
"482",1,0,0,1,0,0,0,0,4060977
"483",1,0,0,0,0,0,1,0,4634194
"484",0,1,0,0,1,0,0,0,4178966
"485",1,0,0,0,1,0,0,0,1538662
"486",0,1,0,0,0,0,1,0,562614
"487",1,0,0,1,0,0,0,0,1153661
"488",1,0,0,1,0,0,0,0,1881836
"489",1,0,0,0,0,1,0,0,2747322
"490",1,0,0,1,0,0,0,0,1929668
"491",1,0,0,1,0,0,0,0,2121625
"492",1,0,0,0,1,0,0,0,4682265
"493",2,0,0,2,0,0,0,0,1455121
"494",1,0,0,0,1,0,0,0,4422284
"495",1,0,0,1,0,0,0,0,1023950
"496",1,0,0,1,0,0,0,0,3309279
"497",2,0,0,2,0,0,0,0,1117285
"498",1,0,0,0,0,1,0,0,1780620
"499",2,0,0,2,0,0,0,0,3266044
"500",1,0,0,1,0,0,0,0,2879200
"501",3,0,0,0,0,0,3,0,1297764
"502",1,0,0,1,0,0,0,0,2919186
"503",1,0,0,0,0,0,1,0,3548848
"504",4,0,0,0,1,0,2,0,4685509
"505",1,0,0,1,0,0,0,0,1581845
"506",2,0,0,1,1,0,0,0,2967252
"507",1,0,0,0,1,0,0,0,2720164
"508",0,1,0,0,1,0,0,0,1541520
"509",1,0,0,1,0,0,0,0,3265218
"510",1,0,0,1,0,0,0,0,67266
"511",1,1,0,0,0,0,2,0,469876
"512",0,1,0,0,1,0,0,0,2727290
"513",0,2,0,0,2,0,0,0,2678535
"514",1,0,0,1,0,0,0,0,1222224
"515",1,0,0,0,0,0,1,0,3103265
"516",2,0,0,0,0,0,2,0,3047188
"517",1,0,0,1,0,0,0,0,4271164
"518",1,0,0,0,1,0,0,0,4998309
"519",1,0,0,1,0,0,0,0,4971725
"520",1,0,0,1,0,0,0,0,936851
"521",2,0,0,0,1,0,1,0,3822242
"522",2,0,0,1,0,0,1,0,4300636
"523",0,0,1,0,0,0,0,0,1487966
"524",0,1,0,0,1,0,0,0,4963261
"525",5,0,0,1,1,0,3,0,2826180
"526",3,0,0,3,0,0,0,0,2693837
"527",1,0,0,1,0,0,0,0,218540
"528",1,0,0,1,0,0,0,0,4310928
"529",1,1,0,0,2,0,0,0,827165
"530",3,1,0,2,0,0,2,0,3686306
"531",2,0,0,1,1,0,0,0,1666964
"532",1,0,0,1,0,0,0,0,4708773
"533",1,0,0,0,1,0,0,0,1890069
"534",1,0,0,0,1,0,0,0,378485
"535",1,0,0,1,0,0,0,0,1840604
"536",1,0,0,0,1,0,0,0,2493323
"537",0,2,0,1,0,0,1,0,1255095
"538",1,0,0,0,1,0,0,0,3115540
"539",1,0,0,0,0,0,1,0,3279125
"540",1,1,0,1,0,0,1,0,830317
"541",1,0,0,1,0,0,0,0,3692303
"542",1,0,0,0,1,0,0,0,2635895
"543",1,0,0,1,0,0,0,0,89183
"544",1,0,0,1,0,0,0,0,4930151
"545",0,1,0,1,0,0,0,0,836508
"546",1,0,0,1,0,0,0,0,592520
"547",3,0,0,2,0,0,1,0,2889243
"548",1,0,0,0,1,0,0,0,1844821
"549",3,0,0,1,0,0,2,0,1710878
"550",1,0,0,1,0,0,0,0,2970520
"551",1,0,0,0,0,0,1,0,4237726
"552",1,0,0,1,0,0,0,0,2603616
"553",1,1,1,1,0,0,0,0,2992564
"554",0,0,1,0,0,0,0,0,1419789
"555",1,0,0,0,1,0,0,0,3703183
"556",1,0,0,1,0,0,0,0,1803352
"557",1,0,0,0,0,0,1,0,405226
"558",1,0,0,1,0,0,0,0,3393183
"559",1,0,0,1,0,0,0,0,3089184
"560",2,0,0,0,2,0,0,0,1269119
"561",1,0,0,1,0,0,0,0,1798407
"562",1,0,0,0,1,0,0,0,1084230
"563",0,0,0,0,1,0,0,0,4127748
"564",1,0,0,0,0,0,1,0,2719709
"565",1,0,0,1,0,0,0,0,2796978
"566",1,1,0,2,0,0,0,0,3838189
"567",2,0,0,1,0,0,1,0,3207606
"568",1,0,0,1,0,0,0,0,1443658
"569",1,1,0,0,2,0,0,0,3765150
"570",2,0,0,1,0,0,1,0,4473149
"571",1,0,0,0,0,1,0,0,253406
"572",2,0,0,1,0,0,1,0,3568149
"573",2,0,0,2,0,0,0,0,3169101
"574",2,0,0,1,0,0,1,0,2266212
"575",1,0,0,0,1,0,0,0,495963
"576",1,0,0,0,0,0,1,0,426005
"577",1,0,0,0,0,1,0,0,1870293
"578",4,0,0,0,4,0,0,0,1218510
"579",1,0,0,1,0,0,0,0,1568310
"580",1,0,0,0,0,0,1,0,1569838
"581",1,0,0,1,0,0,0,0,1210729
"582",2,0,0,1,0,0,1,0,3735122
"583",1,0,0,1,0,0,0,0,4024993
"584",0,2,0,0,2,0,0,0,4921854
"585",1,1,0,2,0,0,0,0,4113060
"586",1,0,0,1,0,0,0,0,3856155
"587",4,0,0,0,4,0,0,0,1454690
"588",1,0,0,0,0,0,1,0,1044932
"589",3,0,0,1,0,0,2,0,3350283
"590",5,0,0,3,0,0,2,0,2621206
"591",1,0,0,0,1,0,0,0,41156
"592",1,0,0,0,0,1,0,0,273522
"593",2,0,0,1,0,0,1,0,3722721
"594",1,1,0,2,0,0,0,0,3982759
"595",7,1,0,3,0,0,5,0,122086
"596",1,0,0,1,0,0,0,0,916431
"597",1,0,0,1,0,0,0,0,4955404
"598",1,0,0,0,0,0,1,0,4446951
"599",2,0,0,0,2,0,0,0,892442
"600",2,0,0,2,0,0,0,0,1856271
"601",2,0,0,0,1,0,1,0,3613267
"602",1,0,0,0,1,0,0,0,4737824
"603",4,0,0,2,0,0,2,0,3465750
"604",1,0,0,1,0,0,0,0,3155000
"605",1,0,0,1,0,0,0,0,569472
"606",1,0,0,1,0,0,0,0,2127564
"607",1,0,0,1,0,0,0,0,55714
"608",1,0,0,0,0,1,0,0,1923765
"609",1,0,0,0,1,0,0,0,465177
"610",2,0,0,2,0,0,0,0,3294438
"611",2,0,0,2,0,0,0,0,817170
"612",1,0,0,0,0,1,0,0,4345267
"613",2,0,0,2,0,0,0,0,4162841
"614",1,0,0,1,0,0,0,0,2303605
"615",1,0,0,0,0,0,1,0,1906591
"616",1,0,0,0,0,1,0,0,1390195
"617",1,0,0,0,0,0,1,0,2169364
"618",1,0,0,0,1,0,0,0,3764176
"619",1,0,0,1,0,0,0,0,1491833
"620",1,0,0,0,0,0,1,0,4501836
"621",1,0,0,1,0,0,0,0,4209301
"622",1,0,0,0,1,0,0,0,579104
"623",2,0,0,0,0,1,1,0,1408150
"624",2,0,0,1,1,0,0,0,4914310
"625",2,0,0,2,0,0,0,0,3885855
"626",0,1,0,0,1,0,0,0,2629500
"627",1,0,0,0,0,1,0,0,2115254
"628",1,0,0,1,0,0,0,0,3157649
"629",1,1,0,0,2,0,0,0,1598270
"630",2,0,0,1,0,1,0,0,2717925
"631",3,0,0,0,0,0,3,0,667322
"632",2,0,0,1,0,1,0,0,4246100
"633",0,1,0,0,0,0,1,0,4639699
"634",1,0,0,0,1,0,0,0,4833898
"635",1,0,0,0,1,0,0,0,4210681
"636",1,0,0,0,0,0,1,0,665397
"637",1,0,0,0,1,0,0,0,1032960
"638",9,0,0,7,0,0,1,0,2705855
"639",1,0,0,1,0,0,0,0,3516850
"640",1,0,0,0,0,0,1,0,1884893
"641",1,0,0,1,0,0,0,0,3097284
"642",3,0,0,1,1,0,1,0,1079790
"643",1,0,0,1,0,0,0,0,1339160
"644",1,0,0,1,0,0,0,0,4840594
"645",2,0,0,1,0,1,0,0,1945850
"646",1,0,0,1,0,0,0,0,1880887
"647",3,1,0,3,0,0,0,0,2266645
"648",1,0,0,1,0,0,0,0,232433
"649",2,0,0,2,0,0,0,0,3631310
"650",1,0,0,1,0,0,0,0,4367615
"651",1,0,0,1,0,0,0,0,4955528
"652",1,0,0,1,0,0,0,0,2832921
"653",1,0,0,1,0,0,0,0,3998446
"654",1,1,0,0,1,0,0,0,1880003
"655",1,0,0,1,0,0,0,0,3990140
"656",2,0,0,1,1,0,0,0,2527410
"657",1,0,0,1,0,0,0,0,198888
"658",1,0,0,0,1,0,0,0,785848
"659",1,0,0,0,1,0,0,0,3531494
"660",1,0,0,1,0,0,0,0,1789408
"661",1,0,0,1,0,0,0,0,389457
"662",1,0,0,1,0,0,0,0,1724521
"663",1,0,0,1,0,0,0,0,831472
"664",1,1,0,0,1,0,0,0,3538580
"665",1,0,0,0,1,0,0,0,2224124
"666",2,0,0,2,0,0,0,0,1152802
"667",1,0,0,0,1,0,0,0,993580
"668",1,0,0,1,0,0,0,0,19204
"669",1,0,0,1,0,0,0,0,4105094
"670",0,0,1,0,0,0,0,0,667130
"671",0,0,1,0,0,0,0,0,3981873
"672",0,0,1,0,0,0,0,0,2945635
"673",0,0,1,0,0,0,0,0,1346308
"674",0,0,1,0,0,0,0,0,2872868
"675",0,0,1,0,0,0,0,0,825452
"676",0,0,1,0,0,0,0,0,3167378
"677",0,0,1,0,0,0,0,0,867244
"678",0,0,1,0,0,0,0,0,2649287
"679",0,0,1,0,0,0,0,0,4361297
"680",0,0,1,0,0,0,0,0,3345195
"681",0,0,1,0,0,0,0,0,115244
"682",0,0,1,0,0,0,0,0,4127348
"683",0,0,1,0,0,0,0,0,4497225
"684",0,0,1,0,0,0,0,0,2694309
"685",0,0,1,0,0,0,0,0,2339939
"686",0,0,1,0,0,0,0,0,560154
"687",0,0,1,0,0,0,0,0,1748572
"688",0,0,1,0,0,0,0,0,1030491
"689",0,0,1,0,0,0,0,0,2409156
"690",0,0,1,0,0,0,0,0,4893344
"691",0,0,1,0,0,0,0,0,2725239
"692",0,0,1,0,0,0,0,0,2875784
"693",0,0,1,0,0,0,0,0,337820
"694",0,0,1,0,0,0,0,0,515940
"695",0,0,1,0,0,0,0,0,696115
"696",0,0,1,0,0,0,0,0,647748
"697",0,0,1,0,0,0,0,0,1584455
"698",0,0,1,0,0,0,0,0,2197484
"699",0,0,1,0,0,0,0,0,4093132
"700",0,0,1,0,0,0,0,0,2412441
"701",0,0,1,0,0,0,0,0,419179
"702",0,0,1,0,0,0,0,0,4235305
"703",0,0,1,0,0,0,0,0,3188878
"704",0,0,1,0,0,0,0,0,1468588
"705",0,0,1,0,0,0,0,0,4874320
"706",0,0,1,0,0,0,0,0,1737396
"707",0,0,1,0,0,0,0,0,4724436
"708",0,0,1,0,0,0,0,0,1991678
"709",0,0,1,0,0,0,0,0,2328179
"710",0,0,1,0,0,0,0,0,184692
"711",0,0,1,0,0,0,0,0,4766659
"712",0,0,1,0,0,0,0,0,27248
"713",0,0,1,0,0,0,0,0,2523597
"714",2,0,0,1,1,0,0,0,2226573
"715",2,0,0,2,0,0,0,0,3654951
"716",1,0,0,1,0,0,0,0,1327286
"717",1,0,0,1,0,0,0,0,1879193
"718",1,0,0,1,0,0,0,0,767447
"719",1,0,0,1,0,0,0,0,2021252
"720",1,0,0,1,0,0,0,0,2180946
"721",1,0,0,1,0,0,0,0,2953637
"722",1,0,0,1,0,0,0,0,2614637
"723",1,0,0,0,1,0,0,0,4848585
"724",1,0,0,1,0,0,0,0,4129417
"725",1,0,0,1,0,0,0,0,1597654
"726",0,0,1,0,0,0,0,0,2445522
"727",1,0,0,1,0,0,0,0,92955
"728",1,0,0,0,0,1,0,0,1382429
"729",1,0,0,1,0,0,0,0,510405
"730",2,0,0,2,0,0,0,0,3222781
"731",2,0,0,2,0,0,0,0,950569
"732",1,0,0,1,0,0,0,0,3316780
"733",3,0,0,3,0,0,0,0,3530235
"734",7,0,0,6,1,0,0,0,3402674
"735",2,0,0,2,0,0,0,0,426835
"736",2,0,0,2,0,0,0,0,1254330
"737",0,0,1,0,0,0,0,0,3984671
"738",1,0,0,1,0,0,0,0,1290885
"739",0,1,0,1,0,0,0,0,1543087
"740",1,0,0,1,0,0,0,0,764546
"741",1,0,0,1,0,0,0,0,2349329
"742",1,0,0,1,0,0,0,0,2530360
"743",1,0,0,1,0,0,0,0,3170295
"744",1,0,0,0,1,0,0,0,1158657
"745",1,0,0,1,0,0,0,0,2865626
"746",1,0,0,1,0,0,0,0,2005810
"747",0,0,1,0,0,0,0,0,2341950
"748",1,0,0,1,0,0,0,0,3965337
"749",1,1,0,0,0,0,1,1,801215
"750",2,0,0,2,0,0,0,0,1744641
"751",2,0,0,2,0,0,0,0,3321829
"752",1,0,0,1,0,0,0,0,672619
"753",1,0,0,1,0,0,0,0,702236
"754",1,0,0,1,0,0,0,0,4133995
"755",1,0,0,1,0,0,0,0,1511165
"756",1,0,0,1,0,0,0,0,4722384
"757",1,0,0,1,0,0,0,0,3442054
"758",1,0,0,1,0,0,0,0,1323282
"759",1,0,0,0,1,0,0,0,4268723
"760",2,0,0,2,0,0,0,0,3821798
"761",1,0,0,1,0,0,0,0,2325595
"762",0,1,0,1,0,0,0,0,4903129
"763",1,0,0,1,0,0,0,0,1424568
"764",0,0,1,0,0,0,0,0,86857
"765",3,0,0,3,0,0,0,0,3238367
"766",1,1,0,2,0,0,0,0,4168169
"767",1,0,0,1,0,0,0,0,582535
"768",2,0,0,2,0,0,0,0,2740666
"769",1,0,0,1,0,0,0,0,161626
"770",7,0,0,6,1,0,0,0,567863
"771",1,0,0,1,0,0,0,0,2441962
"772",1,0,0,1,0,0,0,0,4100343
"773",2,0,0,2,0,0,0,0,734923
"774",1,0,0,1,0,0,0,0,2848904
"775",3,0,0,3,0,0,0,0,4534125
"776",1,0,0,1,0,0,0,0,2719051
"777",1,0,0,1,0,0,0,0,2251402
"778",3,0,0,3,0,0,0,0,1631326
"779",2,0,0,2,0,0,0,0,1462808
"780",1,0,0,1,0,0,0,0,4179170
"781",2,0,0,2,0,0,0,0,3312403
"782",2,0,0,2,0,0,0,0,1692868
"783",1,0,0,1,0,0,0,0,1202188
"784",1,0,0,1,0,0,0,0,2980826
"785",1,0,0,1,0,0,0,0,3327764
"786",2,0,0,2,0,0,0,0,2133018
"787",2,0,0,2,0,0,0,0,1947351
"788",1,0,0,1,0,0,0,0,2930086
"789",0,0,1,0,0,0,0,0,934699
"790",0,0,1,0,0,0,0,0,2119141
"791",0,1,0,1,0,0,0,0,635859
"792",1,0,0,0,1,0,0,0,1729320
"793",2,0,0,2,0,0,0,0,1569164
"794",1,0,0,1,0,0,0,0,3413062
"795",2,0,0,2,0,0,0,0,86979
"796",2,0,0,2,0,0,0,0,756158
"797",3,0,0,3,0,0,0,0,2880267
"798",3,0,0,3,0,0,0,0,4320185
"799",1,0,0,1,0,0,0,0,2971109
"800",1,0,0,1,0,0,0,0,281640
"801",1,0,0,1,0,0,0,0,40978
"802",1,0,0,1,0,0,0,0,1169804
"803",1,0,0,0,1,0,0,0,3664827
"804",1,0,0,1,0,0,0,0,3981020
"805",1,0,0,0,0,0,1,0,3488201
"806",2,0,0,1,1,0,0,0,2946039
"807",2,0,0,2,0,0,0,0,226662
"808",1,0,0,1,0,0,0,0,3024487
"809",1,0,0,0,0,0,1,0,1233335
"810",1,0,0,1,0,0,0,0,4257191
"811",2,0,0,2,0,0,0,0,4486218
"812",1,0,0,1,0,0,0,0,1998215
"813",1,0,0,0,1,0,0,0,1691266
"814",1,0,0,1,0,0,0,0,3163771
"815",1,0,0,1,0,0,0,0,1493463
"816",1,0,0,0,1,0,0,0,2245523
"817",1,0,0,1,0,0,0,0,3688590
"818",2,0,0,1,0,0,1,0,326370
"819",1,0,0,1,0,0,0,0,272536
"820",1,1,0,2,0,0,0,0,4966842
"821",1,1,0,1,0,0,1,0,1165960
"822",2,0,0,0,0,0,2,0,4875974
"823",1,0,0,0,0,0,1,0,4195908
"824",0,1,0,0,1,0,0,0,4066740
"825",1,0,0,0,0,0,1,0,3861570
"826",1,0,0,0,0,0,1,0,383662
"827",5,0,0,5,0,0,0,0,630947
"828",1,1,0,2,0,0,0,0,3022781
"829",1,0,0,1,0,0,0,0,4006140
"830",1,0,0,0,0,1,0,0,2701015
"831",1,0,0,1,0,0,0,0,4713215
"832",2,0,0,1,0,0,1,0,3138875
"833",2,0,0,1,0,0,1,0,3704569
"834",1,0,0,1,0,0,0,0,3043463
"835",1,0,0,1,0,0,0,0,1238347
"836",2,0,0,0,0,0,2,0,2327090
"837",1,0,0,1,0,0,0,0,1599880
"838",1,0,0,0,0,0,1,0,922538
"839",1,0,0,0,0,0,1,0,807631
"840",1,0,0,0,1,0,0,0,1963233
"841",1,0,0,1,0,0,0,0,2848549
"842",1,0,0,1,0,0,0,0,2920699
"843",1,0,0,1,0,0,0,0,1536596
"844",1,0,0,0,0,0,1,0,1779546
"845",1,0,0,0,0,0,1,0,688060
"846",0,1,0,1,0,0,0,0,402108
"847",1,0,0,0,1,0,0,0,2797135
"848",1,0,0,1,0,0,0,0,1372151
"849",1,0,0,1,0,0,0,0,291185
"850",1,0,0,1,0,0,0,0,1667018
"851",1,0,0,0,1,0,0,0,4576349
"852",1,0,0,1,0,0,0,0,4705183
"853",1,0,0,0,1,0,0,0,2678368
"854",4,0,0,3,0,0,1,0,1112685
"855",2,0,0,2,0,0,0,0,1460232
"856",2,0,0,2,0,0,0,0,3178972
"857",1,0,0,1,0,0,0,0,3286083
"858",1,0,0,0,1,0,0,0,452862
"859",1,0,0,0,0,0,1,0,2762469
"860",1,0,0,0,1,0,0,0,2132932
"861",1,0,0,1,0,0,0,0,3441262
"862",1,0,0,0,0,0,1,0,2852714
"863",1,0,0,1,0,0,0,0,4377406
"864",2,0,0,2,0,0,0,0,3535783
"865",1,0,0,0,1,0,0,0,1049901
"866",2,0,0,1,0,0,1,0,624911
"867",3,0,0,3,0,0,0,0,3051319
"868",1,0,0,1,0,0,0,0,2061235
"869",1,0,0,0,0,0,1,0,1252213
"870",3,0,0,1,1,0,1,0,43524
"871",1,0,0,1,0,0,0,0,758122
"872",2,0,0,1,0,0,1,0,4511695
"873",1,0,0,1,0,0,0,0,775108
"874",2,0,0,0,2,0,0,0,4503206
"875",1,0,0,0,1,0,0,0,3407806
"876",1,0,0,0,0,0,1,0,1620471
"877",1,0,0,1,0,0,0,0,1907720
"878",1,0,0,1,0,0,0,0,3680123
"879",1,0,0,0,1,0,0,0,4134436
"880",1,0,0,0,1,0,0,0,2826160
"881",1,0,0,0,1,0,0,0,1569412
"882",1,0,0,1,0,0,0,0,4989304
"883",1,0,0,0,0,0,1,0,1825856
"884",2,0,0,2,0,0,0,0,1044363
"885",1,0,0,0,0,0,1,0,66886
"886",1,0,0,1,0,0,0,0,1726419
"887",2,0,0,0,0,0,2,0,2440194
"888",2,0,0,1,0,0,1,0,4837076
"889",2,0,0,2,0,0,0,0,3578197
"890",1,0,0,1,0,0,0,0,4704321
"891",1,0,0,0,1,0,0,0,2773358
"892",1,0,0,0,0,0,1,0,2676218
"893",2,2,0,4,0,0,0,0,2458253
"894",1,0,0,1,0,0,0,0,4851434
"895",2,0,0,2,0,0,0,0,971037
"896",1,0,0,1,0,0,0,0,1241423
"897",1,0,0,1,0,0,0,0,697789
"898",1,0,0,0,0,0,1,0,3021313
"899",1,0,0,1,0,0,0,0,3588358
"900",2,0,0,2,0,0,0,0,3527167
"901",1,0,0,1,0,0,0,0,2621732
"902",2,0,0,1,0,0,1,0,3331867
"903",2,0,0,2,0,0,0,0,4091767
"904",5,0,0,4,0,0,0,1,2948423
"905",3,0,0,3,0,0,0,0,4247948
"906",1,0,0,1,0,0,0,0,2142205
"907",1,0,0,1,0,0,0,0,4599893
"908",1,0,0,1,0,0,0,0,1832560
"909",1,0,0,1,0,0,0,0,4073248
"910",1,0,0,1,0,0,0,0,2860805
"911",2,0,0,1,1,0,0,0,1931184
"912",3,1,0,3,0,0,1,0,3926949
"913",1,0,0,0,1,0,0,0,352651
"914",1,0,0,1,0,0,0,0,1124434
"915",1,0,0,1,0,0,0,0,2177079
"916",2,0,0,2,0,0,0,0,3868516
"917",5,0,0,4,0,0,0,1,1723433
"918",1,0,0,1,0,0,0,0,2162574
"919",1,0,0,1,0,0,0,0,3407730
"920",1,0,0,0,0,0,1,0,4604653
"921",4,0,0,1,0,0,2,1,4560316
"922",1,0,0,1,0,0,0,0,3498811
"923",0,1,0,0,0,0,1,0,432030
"924",2,0,0,2,0,0,0,0,3086596
"925",5,0,0,4,0,0,0,1,2362018
"926",5,0,0,4,0,0,0,1,3273917
"927",1,0,0,1,0,0,0,0,4215400
"928",2,0,0,2,0,0,0,0,3765687
"929",0,1,0,0,0,0,1,0,1352371
"930",2,0,0,2,0,0,0,0,914389
"931",0,0,1,0,0,0,0,0,3411201
"932",0,0,1,0,0,0,0,0,4046668
"933",0,0,1,0,0,0,0,0,4773314
"934",0,0,1,0,0,0,0,0,2180343
"935",0,0,1,0,0,0,0,0,2468124
"936",0,0,1,0,0,0,0,0,807499
"937",0,0,1,0,0,0,0,0,1164561
"938",0,0,1,0,0,0,0,0,1160629
"939",0,0,1,0,0,0,0,0,3336712
"940",0,0,1,0,0,0,0,0,308510
"941",0,0,1,0,0,0,0,0,1105789
"942",0,0,1,0,0,0,0,0,2096596
"943",0,0,1,0,0,0,0,0,1000240
"944",0,0,1,0,0,0,0,0,2444043
"945",0,0,1,0,0,0,0,0,351756
"946",0,0,1,0,0,0,0,0,3011848
"947",0,0,1,0,0,0,0,0,1312790
"948",0,0,1,0,0,0,0,0,345653
"949",0,0,1,0,0,0,0,0,4482741
"950",0,0,1,0,0,0,0,0,3451308
"951",0,0,1,0,0,0,0,0,4232316
"952",0,0,1,0,0,0,0,0,1904215
"953",0,0,1,0,0,0,0,0,2380776
"954",0,0,1,0,0,0,0,0,470782
"955",0,0,1,0,0,0,0,0,566337
"956",0,0,1,0,0,0,0,0,175767
"957",0,0,1,0,0,0,0,0,3036109
"958",0,0,1,0,0,0,0,0,1432342
"959",0,0,1,0,0,0,0,0,1092857
"960",0,0,1,0,0,0,0,0,3996766
"961",0,0,1,0,0,0,0,0,4329810
"962",0,0,1,0,0,0,0,0,1710121
"963",0,0,1,0,0,0,0,0,2345460
"964",0,0,1,0,0,0,0,0,2782545
"965",0,0,1,0,0,0,0,0,257208
"966",0,0,1,0,0,0,0,0,1101153
"967",0,0,1,0,0,0,0,0,2383644
"968",0,0,1,0,0,0,0,0,4813521
"969",0,0,1,0,0,0,0,0,3306833
"970",0,0,1,0,0,0,0,0,963906
"971",0,0,1,0,0,0,0,0,4301587
"972",0,0,1,0,0,0,0,0,703103
"973",0,0,1,0,0,0,0,0,4326043
"974",0,0,1,0,0,0,0,0,127160
"975",0,0,1,0,0,0,0,0,5657
"976",0,0,1,0,0,0,0,0,3559478
"977",0,0,1,0,0,0,0,0,1398590
"978",0,0,1,0,0,0,0,0,3031490
"979",0,0,1,0,0,0,0,0,1963555
"980",0,0,1,0,0,0,0,0,1576661
"981",0,0,1,0,0,0,0,0,4040068
"982",0,0,1,0,0,0,0,0,4517323
"983",0,0,1,0,0,0,0,0,3629869
"984",0,0,1,0,0,0,0,0,2555474
"985",0,0,1,0,0,0,0,0,4296266
"986",0,0,1,0,0,0,0,0,3320500
"987",0,0,1,0,0,0,0,0,2047554
"988",0,0,1,0,0,0,0,0,304679
"989",0,0,1,0,0,0,0,0,1284468
"990",0,0,1,0,0,0,0,0,1794425
"991",0,0,1,0,0,0,0,0,4427613
"992",0,0,1,0,0,0,0,0,2877760
"993",0,0,1,0,0,0,0,0,826977
"994",0,0,1,0,0,0,0,0,4525713
"995",0,0,1,0,0,0,0,0,3435261
"996",0,0,1,0,0,0,0,0,3501928
"997",0,0,1,0,0,0,0,0,2208042
"998",0,0,1,0,0,0,0,0,1825827
"999",0,0,1,0,0,0,0,0,2456477
"1000",1,0,0,1,0,0,0,0,1383232
"1001",1,0,0,0,0,0,1,0,2908197
"1002",0,1,0,1,0,0,0,0,331336
"1003",1,0,0,1,0,0,0,0,4479999
"1004",3,0,2,2,0,1,0,0,3373229
"1005",1,0,1,1,0,0,1,0,4822163
"1006",0,0,1,0,0,0,0,0,2102243
"1007",1,0,0,1,0,0,0,0,3065583
"1008",1,0,0,0,0,0,1,0,3912702
"1009",1,0,0,1,0,0,0,0,1649173
"1010",2,1,0,2,0,0,1,0,3261206
"1011",1,0,0,0,0,0,1,0,1326293
"1012",1,0,1,0,0,0,0,0,2970947
"1013",2,0,0,2,0,0,0,0,2274713
"1014",2,0,4,1,0,0,1,0,3824234
"1015",1,0,0,1,0,0,0,0,4304940
"1016",1,0,0,1,0,0,0,0,3060043
"1017",1,0,0,1,0,0,0,0,3661554
"1018",1,0,0,1,0,0,0,0,4527840
"1019",1,0,0,1,0,0,0,0,4553100
"1020",1,0,0,1,0,0,0,0,3839711
"1021",3,0,0,2,0,0,1,0,2405182
"1022",1,0,0,1,0,0,0,0,365671
"1023",1,0,0,1,0,0,0,0,3185943
"1024",0,0,1,0,0,0,0,0,2527774
"1025",3,0,0,0,0,1,2,0,2878887
"1026",1,0,0,0,0,0,1,0,3606462
"1027",1,0,0,1,0,0,0,0,3050644
"1028",2,0,0,1,0,0,1,0,1302837
"1029",1,0,0,1,0,0,0,0,1434278
"1030",1,0,0,1,0,0,0,0,4924384
"1031",1,0,0,1,0,0,0,0,1582446
"1032",1,0,0,1,0,0,0,0,4921629
"1033",1,0,0,0,1,0,0,0,3475224
"1034",1,1,0,1,1,0,0,0,1785277
"1035",1,0,0,0,0,0,1,0,2411140
"1036",1,0,0,1,0,0,0,0,2861744
"1037",1,0,0,1,0,0,0,0,2822655
"1038",1,0,0,1,0,0,0,0,2995361
"1039",1,0,0,1,0,0,0,0,771384
"1040",1,0,0,1,0,0,0,0,1735565
"1041",1,0,0,1,0,0,0,0,2400760
"1042",2,0,0,2,0,0,0,0,2825242
"1043",1,0,0,1,0,0,0,0,2364730
"1044",1,0,0,1,0,0,0,0,4665849
"1045",1,0,0,1,0,0,0,0,1132537
"1046",0,0,1,0,0,0,0,0,2684299
"1047",0,0,1,0,0,0,0,0,4736893
"1048",0,0,1,0,0,0,0,0,593920
"1049",0,0,1,0,0,0,0,0,1802211
"1050",0,0,1,0,0,0,0,0,58493
"1051",0,0,1,0,0,0,0,0,2072733
"1052",0,0,1,0,0,0,0,0,1118148
"1053",0,0,1,0,0,0,0,0,4892328
"1054",0,0,1,0,0,0,0,0,1121067
"1055",0,0,1,0,0,0,0,0,1951978
"1056",0,0,1,0,0,0,0,0,3527605
"1057",0,0,1,0,0,0,0,0,4393290
"1058",1,0,0,0,0,0,1,0,2988458
"1059",1,0,0,0,0,0,1,0,906822
"1060",1,0,0,0,1,0,0,0,4281500
"1061",1,1,0,1,0,0,1,0,897028
"1062",1,0,0,0,0,0,1,0,3719058
"1063",2,0,0,2,0,0,0,0,3366731
"1064",1,0,0,0,0,0,1,0,3821678
"1065",1,0,0,0,1,0,0,0,3359913
"1066",1,0,0,0,0,1,0,0,1430940
"1067",1,0,0,0,0,0,1,0,4166768
"1068",1,1,0,2,0,0,0,0,1996536
"1069",1,0,0,0,1,0,0,0,757546
"1070",1,0,0,0,0,0,1,0,41922
"1071",1,0,0,1,0,0,0,0,2562762
"1072",1,0,0,1,0,0,0,0,2839423
"1073",1,0,0,0,0,0,1,0,4007767
"1074",1,0,0,0,0,1,0,0,755772
"1075",3,0,0,2,0,0,1,0,4228048
"1076",2,0,0,0,0,0,2,0,3876692
"1077",1,0,0,0,1,0,0,0,4725825
"1078",1,0,0,0,0,0,1,0,3012420
"1079",1,0,0,1,0,0,0,0,1078861
"1080",2,0,0,0,0,0,2,0,2963261
"1081",3,0,0,1,0,0,2,0,2675970
"1082",1,0,0,0,0,0,1,0,4078691
"1083",1,0,0,0,1,0,0,0,711486
"1084",1,0,0,1,0,0,0,0,1451814
"1085",1,0,0,1,0,0,0,0,1393137
"1086",2,0,0,1,1,0,0,0,4394383
"1087",2,0,0,1,0,0,0,0,1322280
"1088",1,0,0,0,1,0,0,0,989283
"1089",1,0,0,0,0,1,0,0,825948
"1090",6,0,0,6,0,0,0,0,4820679
"1091",3,0,0,2,0,0,1,0,3919036
"1092",1,0,0,0,0,0,1,0,4733522
"1093",1,0,0,0,0,0,1,0,2981339
"1094",1,0,0,0,0,0,1,0,4835211
"1095",1,0,0,0,0,0,1,0,237320
"1096",1,0,0,1,0,0,0,0,2738226
"1097",1,0,0,0,0,0,1,0,2154467
"1098",1,0,0,0,1,0,0,0,1539375
"1099",1,0,0,1,0,0,0,0,4563433
"1100",1,0,0,0,1,0,0,0,797441
"1101",1,0,0,0,0,0,1,0,4759784
"1102",1,0,0,0,0,0,1,0,4698373
"1103",1,0,0,0,0,0,1,0,2104711
"1104",1,0,0,0,1,0,0,0,3627325
"1105",1,0,0,0,0,0,1,0,4659616
"1106",2,0,0,1,1,0,0,0,381516
"1107",2,0,0,2,0,0,0,0,158206
"1108",2,0,0,0,0,1,1,0,3930852
"1109",1,0,0,0,0,0,1,0,3955282
"1110",1,0,0,1,0,0,0,0,296581
"1111",1,0,0,0,0,0,1,0,1202832
"1112",1,0,0,1,0,0,0,0,1710231
"1113",1,0,0,1,0,0,0,0,1999784
"1114",1,0,0,1,0,0,0,0,3975872
"1115",1,0,0,1,0,0,0,0,3867697
"1116",1,0,0,0,0,0,1,0,4224929
"1117",0,1,0,0,0,1,0,0,1337491
"1118",1,0,0,0,0,0,1,0,2218153
"1119",1,0,0,1,0,0,0,0,1212276
"1120",1,0,0,1,0,0,0,0,804435
"1121",1,0,0,1,0,0,0,0,2264817
"1122",1,0,0,0,0,0,1,0,2063558
"1123",2,0,0,0,0,0,2,0,3563692
"1124",1,0,0,0,0,0,1,0,1258054
"1125",1,0,0,0,0,0,1,0,1624929
"1126",3,0,0,2,0,0,1,0,2345698
"1127",1,0,0,1,0,0,0,0,2844226
"1128",2,0,0,0,2,0,0,0,3570618
"1129",1,0,0,0,0,0,1,0,3471876
"1130",1,0,0,1,0,0,0,0,1390087
"1131",1,0,0,1,0,0,0,0,3100054
"1132",1,0,0,0,1,0,0,0,3124054
"1133",1,0,0,0,0,0,1,0,803357
"1134",3,0,0,2,0,0,1,0,1678002
"1135",1,0,0,0,0,0,1,0,1004434
"1136",1,0,0,1,0,0,0,0,4655701
"1137",1,0,0,0,0,0,1,0,1435567
"1138",3,0,0,2,0,0,1,0,2119656
"1139",2,0,0,0,1,0,1,0,3032658
"1140",1,0,0,0,0,0,1,0,4354417
"1141",1,0,1,0,0,0,1,0,4878705
"1142",1,0,0,0,0,0,1,0,704876
"1143",1,0,0,0,1,0,0,0,555154
"1144",2,0,0,1,0,1,0,0,4933579
"1145",1,0,0,0,0,0,1,0,684877
"1146",1,0,0,0,0,0,1,0,2416870
"1147",1,0,0,0,0,0,1,0,284179
"1148",2,0,0,2,0,0,0,0,1406149
"1149",2,0,0,1,0,0,1,0,4333486
"1150",6,0,0,6,0,0,0,0,2028875
"1151",1,0,0,1,0,0,0,0,420107
"1152",1,0,0,1,0,0,0,0,1063833
"1153",1,0,0,1,0,0,0,0,1771531
"1154",1,0,0,0,1,0,0,0,713691
"1155",1,0,0,0,1,0,0,0,4769600
"1156",2,0,0,2,0,0,0,0,842632
"1157",1,0,0,0,1,0,0,0,1599959
"1158",6,0,0,6,0,0,0,0,1636988
"1159",1,0,0,0,0,0,1,0,3874953
"1160",1,0,0,0,1,0,0,0,4908132
"1161",2,0,0,2,0,0,0,0,4579059
"1162",1,0,0,1,0,0,0,0,146130
"1163",1,0,0,0,1,0,0,0,4257989
"1164",1,0,0,0,0,0,1,0,1459702
"1165",1,0,0,1,0,0,0,0,4463319
"1166",2,0,0,0,0,0,2,0,588910
"1167",2,0,0,0,2,0,0,0,1551000
"1168",1,0,0,0,0,0,1,0,3446814
"1169",0,1,0,0,1,0,0,0,3419521
"1170",2,0,0,1,1,0,0,0,2563893
"1171",1,0,0,0,1,0,0,0,1496334
"1172",6,0,0,6,0,0,0,0,4224264
"1173",1,0,0,1,0,0,0,0,3725466
"1174",1,0,1,1,0,0,0,0,2085247
"1175",2,0,0,1,0,0,1,0,4446044
"1176",3,0,0,3,0,0,0,0,4420582
"1177",1,0,0,0,0,1,0,0,934041
"1178",1,0,0,0,1,0,0,0,3757544
"1179",1,0,0,0,0,1,0,0,4228006
"1180",1,0,0,1,0,0,0,0,3195294
"1181",1,0,0,0,0,0,1,0,4725046
"1182",1,0,0,1,0,0,0,0,4144382
"1183",1,0,0,1,0,0,0,0,2671913
"1184",0,1,0,1,0,0,0,0,3123288
"1185",1,0,0,1,0,0,0,0,4036410
"1186",1,0,0,1,0,0,0,0,2134377
"1187",1,0,0,0,0,0,1,0,4065555
"1188",1,0,0,0,0,0,1,0,2492124
"1189",1,0,0,0,0,1,0,0,967107
"1190",1,0,0,1,0,0,0,0,4630635
"1191",3,0,0,0,0,1,2,0,285717
"1192",1,0,1,1,0,0,0,0,4955092
"1193",1,0,0,1,0,0,0,0,2841638
"1194",2,0,0,0,0,1,1,0,4044967
"1195",1,0,0,0,0,1,0,0,353420
"1196",1,0,0,0,0,0,1,0,2621423
"1197",1,0,0,1,0,0,0,0,2730440
"1198",2,0,0,0,0,0,2,0,4354913
"1199",1,0,0,0,0,0,1,0,2254266
"1200",1,0,0,0,1,0,0,0,4263642
"1201",1,0,0,1,0,0,0,0,1799675
"1202",1,0,0,1,0,0,0,0,4389768
"1203",1,0,0,0,0,0,1,0,2826199
"1204",1,0,0,0,1,0,0,0,4200063
"1205",1,0,0,0,0,0,1,0,2083640
"1206",1,0,0,1,0,0,0,0,4124049
"1207",1,0,0,0,1,0,0,0,725628
"1208",2,0,0,1,0,0,1,0,2448410
"1209",1,0,0,1,0,0,0,0,460293
"1210",1,0,0,0,0,1,0,0,298165
"1211",1,0,0,1,0,0,0,0,1002126
"1212",1,0,0,0,0,0,1,0,2186090
"1213",1,0,0,0,0,0,1,0,3877551
"1214",1,0,0,0,0,0,1,0,3574531
"1215",3,0,0,0,1,1,1,0,3548385
"1216",1,0,0,1,0,0,0,0,851572
"1217",1,0,0,0,0,0,1,0,2638783
"1218",3,0,0,2,0,0,1,0,3127050
"1219",1,0,0,1,0,0,0,0,2272677
"1220",1,0,0,0,1,0,0,0,2377926
"1221",2,0,0,1,1,0,0,0,767617
"1222",2,0,0,1,0,0,1,0,1147635
"1223",1,0,0,1,0,0,0,0,608425
"1224",2,0,0,1,0,0,1,0,630146
"1225",6,0,0,6,0,0,0,0,3321666
"1226",2,0,0,0,0,1,1,0,4008870
"1227",1,0,0,0,0,0,1,0,4468762
"1228",1,0,0,1,0,0,0,0,2057019
"1229",2,0,0,1,0,0,1,0,1353179
"1230",1,0,0,1,0,0,0,0,688059
"1231",3,0,0,1,0,0,2,0,3715322
"1232",2,0,0,1,0,0,0,0,817070
"1233",1,0,0,1,0,0,0,0,3808639
"1234",1,0,0,0,0,0,1,0,614334
"1235",1,0,0,1,0,0,0,0,2538309
"1236",1,0,0,0,1,0,0,0,4405574
"1237",1,0,1,1,0,0,0,0,1081922
"1238",1,0,0,0,1,0,0,0,4300616
"1239",1,0,0,1,0,0,0,0,590309
"1240",1,0,0,0,1,0,0,0,219051
"1241",1,0,0,1,0,0,0,0,1759925
"1242",1,0,0,0,0,0,1,0,3549698
"1243",1,0,0,0,1,0,0,0,969564
"1244",0,0,0,0,0,1,0,0,3171087
"1245",1,0,0,0,0,0,1,0,3913743
"1246",1,0,0,1,0,0,0,0,4901348
"1247",1,0,0,1,0,0,0,0,4501695
"1248",1,0,0,1,0,0,0,0,3018275
"1249",2,0,0,2,0,0,0,0,3576524
"1250",1,0,0,0,1,0,0,0,402250
"1251",2,0,0,1,0,0,1,0,4926980
"1252",1,0,0,1,0,0,0,0,1107235
"1253",1,0,0,0,0,0,1,0,3673195
"1254",0,1,0,0,1,0,0,0,2567984
"1255",1,0,0,0,1,0,0,0,2581685
"1256",1,0,0,0,1,0,0,0,381072
"1257",1,0,0,1,0,0,0,0,4397499
"1258",1,0,0,0,0,0,1,0,1928258
"1259",1,0,0,1,0,0,0,0,1089134
"1260",1,0,0,0,0,1,0,0,2112370
"1261",1,0,0,0,1,0,0,0,2227008
"1262",5,0,0,4,1,0,0,0,4209906
"1263",1,0,0,1,0,0,0,0,4866956
"1264",1,0,0,0,1,0,0,0,1267983
"1265",2,0,0,2,0,0,0,0,4592342
"1266",2,0,0,2,0,0,0,0,3607161
"1267",1,0,0,0,0,0,1,0,2218708
"1268",1,0,0,0,0,0,1,0,3751625
"1269",1,0,0,1,0,0,0,0,2480127
"1270",1,0,0,1,0,0,0,0,4524118
"1271",6,0,0,6,0,0,0,0,132971
"1272",0,1,0,1,0,0,0,0,1489834
"1273",1,0,0,1,0,0,0,0,2018713
"1274",1,0,0,1,0,0,0,0,4974439
"1275",1,0,0,1,0,0,0,0,2948840
"1276",1,0,0,1,0,0,0,0,4535310
"1277",1,0,0,1,0,0,0,0,2267893
"1278",3,0,0,3,0,0,0,0,4915064
"1279",1,0,0,0,1,0,0,0,3769161
"1280",0,1,0,1,0,0,0,0,2197521
"1281",1,0,0,1,0,0,0,0,2560478
"1282",1,0,0,1,0,0,0,0,3588481
"1283",3,0,0,3,0,0,0,0,938551
"1284",1,0,0,1,0,0,0,0,1450492
"1285",3,0,0,2,1,0,0,0,598105
"1286",1,0,0,1,0,0,0,0,647009
"1287",1,0,0,1,0,0,0,0,1258805
"1288",1,0,0,1,0,0,0,0,1456325
"1289",1,0,0,1,0,0,0,0,111376
"1290",1,0,0,1,0,0,0,0,3572233
"1291",1,0,0,1,0,0,0,0,2498427
"1292",1,0,0,1,0,0,0,0,1121109
"1293",2,0,0,2,0,0,0,0,126504
"1294",1,0,0,0,1,0,0,0,4097748
"1295",2,0,0,0,2,0,0,0,2025063
"1296",1,0,0,1,0,0,0,0,4530650
"1297",1,0,0,1,0,0,0,0,1996950
"1298",2,0,0,2,0,0,0,0,4630963
"1299",1,0,0,0,1,0,0,0,357157
"1300",2,0,0,2,0,0,0,0,1044187
"1301",1,0,0,1,0,0,0,0,3195293
"1302",2,0,0,2,0,0,0,0,3417500
"1303",1,0,0,1,0,0,0,0,3797348
"1304",1,0,0,1,0,0,0,0,439647
"1305",1,0,0,1,0,0,0,0,550160
"1306",3,0,0,3,0,0,0,0,682198
"1307",2,0,0,2,0,0,0,0,3093150
"1308",1,0,0,1,0,0,0,0,3045398
"1309",4,2,0,5,0,1,0,0,3697614
"1310",1,0,0,1,0,0,0,0,4891399
"1311",3,0,0,3,0,0,0,0,3480015
"1312",1,0,0,1,0,0,0,0,572517
"1313",1,0,1,0,0,0,0,0,671908
"1314",1,0,0,1,0,0,0,0,2334846
"1315",1,0,0,1,0,0,0,0,1569475
"1316",2,0,0,1,1,0,0,0,3082691
"1317",2,0,0,2,0,0,0,0,4103474
"1318",1,0,0,1,0,0,0,0,1038204
"1319",0,0,1,0,0,0,0,0,2507365
"1320",1,0,0,1,0,0,0,0,239094
"1321",0,0,1,0,0,0,0,0,1100753
"1322",0,0,1,0,0,0,0,0,116199
"1323",0,0,1,0,0,0,0,0,1896874
"1324",1,0,0,1,0,0,0,0,3933449
"1325",0,0,1,0,0,0,0,0,4583484
"1326",1,0,0,1,0,0,0,0,2874530
"1327",0,0,1,0,0,0,0,0,2915502
"1328",0,0,1,0,0,0,0,0,3325470
"1329",2,0,0,2,0,0,0,0,1578646
"1330",0,0,1,0,0,0,0,0,2054149
"1331",0,0,1,0,0,0,0,0,4113173
"1332",0,0,1,0,0,0,0,0,2488957
"1333",0,0,1,0,0,0,0,0,3616107
"1334",0,0,1,0,0,0,0,0,4558418
"1335",0,0,1,0,0,0,0,0,193956
"1336",0,0,1,0,0,0,0,0,2654496
"1337",1,0,0,1,0,0,0,0,2354873
"1338",0,0,1,0,0,0,0,0,3487165
"1339",0,0,1,0,0,0,0,0,4548935
"1340",0,0,1,0,0,0,0,0,2260173
"1341",3,0,0,0,1,0,2,0,3275812
"1342",0,0,1,0,0,0,0,0,55627
"1343",0,0,1,0,0,0,0,0,4646720
"1344",1,0,0,1,0,0,0,0,895729
"1345",0,0,1,0,0,0,0,0,3665736
"1346",0,0,1,0,0,0,0,0,4198056
"1347",0,0,1,0,0,0,0,0,3856192
"1348",0,0,1,0,0,0,0,0,2731426
"1349",0,0,1,0,0,0,0,0,826245
"1350",0,0,1,0,0,0,0,0,1754574
"1351",0,0,1,0,0,0,0,0,2633966
"1352",0,0,1,0,0,0,0,0,67189
"1353",0,0,1,0,0,0,0,0,1443448
"1354",0,0,1,0,0,0,0,0,2731470
"1355",1,0,0,0,1,0,0,0,3822124
"1356",0,0,1,0,0,0,0,0,2638403
"1357",0,0,1,0,0,0,0,0,4814416
"1358",0,0,1,0,0,0,0,0,4472791
"1359",0,0,1,0,0,0,0,0,4198773
"1360",0,0,1,0,0,0,0,0,4524023
"1361",0,0,1,0,0,0,0,0,380880
"1362",1,0,0,1,0,0,0,0,2648327
"1363",2,0,0,0,1,0,1,0,2043909
"1364",2,0,0,1,1,0,0,0,336641
"1365",0,0,1,0,0,0,0,0,3145378
"1366",0,0,1,0,0,0,0,0,4656704
"1367",0,0,1,0,0,0,0,0,3175339
"1368",0,0,1,0,0,0,0,0,3365474
"1369",0,0,1,0,0,0,0,0,4882137
"1370",2,0,0,1,1,0,0,0,4567598
"1371",0,0,1,0,0,0,0,0,3041058
"1372",1,0,0,1,0,0,0,0,3302836
"1373",0,0,1,0,0,0,0,0,2437085
"1374",0,0,1,0,0,0,0,0,471653
"1375",0,0,1,0,0,0,0,0,1081784
"1376",1,0,0,0,1,0,0,0,2484812
"1377",1,0,0,0,1,0,0,0,4435886
"1378",0,0,1,0,0,0,0,0,3180212
"1379",0,1,0,1,0,0,0,0,3465169
"1380",2,0,0,2,0,0,0,0,142188
"1381",0,0,1,0,0,0,0,0,1369153
"1382",0,0,1,0,0,0,0,0,4501132
"1383",0,0,1,0,0,0,0,0,2363470
"1384",0,0,1,0,0,0,0,0,4752634
"1385",1,0,0,1,0,0,0,0,2903954
"1386",3,0,0,3,0,0,0,0,3861251
"1387",0,0,1,0,0,0,0,0,4893286
"1388",1,0,0,1,0,0,0,0,3861783
"1389",0,0,1,0,0,0,0,0,3497852
"1390",0,0,1,0,0,0,0,0,4870087
"1391",1,0,0,1,0,0,0,0,4789557
"1392",0,0,1,0,0,0,0,0,399896
"1393",2,0,0,2,0,0,0,0,4575981
"1394",1,0,0,1,0,0,0,0,2648664
"1395",0,0,1,0,0,0,0,0,578289
"1396",2,0,0,2,0,0,0,0,1480704
"1397",1,0,0,1,0,0,0,0,1407952
"1398",1,0,0,1,0,0,0,0,1780344
"1399",2,0,0,2,0,0,0,0,3944215
"1400",0,0,1,0,0,0,0,0,397629
"1401",1,0,0,0,1,0,0,0,3501897
"1402",0,0,1,0,0,0,0,0,4380270
"1403",0,0,1,0,0,0,0,0,1715782
"1404",0,0,1,0,0,0,0,0,2132354
"1405",0,1,0,1,0,0,0,0,3441316
"1406",0,0,1,0,0,0,0,0,4434132
"1407",1,0,0,1,0,0,0,0,4922258
"1408",0,0,1,0,0,0,0,0,1634362
"1409",0,0,1,0,0,0,0,0,178843
"1410",0,0,1,0,0,0,0,0,2442793
"1411",1,0,0,1,0,0,0,0,2111030
"1412",0,0,1,0,0,0,0,0,2814226
"1413",1,0,0,1,0,0,0,0,2143220
"1414",1,0,0,1,0,0,0,0,1938012
"1415",1,0,0,1,0,0,0,0,314008
"1416",0,0,1,0,0,0,0,0,3967373
"1417",0,0,1,0,0,0,0,0,2430736
"1418",1,0,0,0,1,0,0,0,884617
"1419",2,0,0,2,0,0,0,0,4619112
"1420",1,0,2,0,0,0,0,0,3582677
"1421",0,0,1,0,0,0,0,0,1029591
"1422",3,0,3,0,0,0,0,0,867663
"1423",0,0,1,0,0,0,0,0,575362
"1424",4,0,4,0,0,0,0,0,1320968
"1425",3,0,3,0,0,0,0,0,2364047
"1426",2,0,2,0,0,0,0,0,2358273
"1427",0,0,1,0,0,0,0,0,2683554
"1428",0,0,1,0,0,0,0,0,3535370
"1429",3,0,3,0,0,0,0,0,2247248
"1430",3,0,3,0,0,0,0,0,2622396
"1431",0,0,1,0,0,0,0,0,4732433
"1432",0,0,1,0,0,0,0,0,2025970
"1433",0,0,1,0,0,0,0,0,3334019
"1434",3,0,3,0,0,0,0,0,1613516
"1435",0,0,1,0,0,0,0,0,523213
"1436",2,2,4,0,0,0,0,0,1118201
"1437",1,0,2,0,0,0,0,0,354893
"1438",0,0,1,0,0,0,0,0,1033460
"1439",0,0,1,0,0,0,0,0,99919
"1440",0,0,1,0,0,0,0,0,3606746
"1441",1,0,3,0,0,0,0,0,4395181
"1442",3,0,4,0,0,0,0,0,4143296
"1443",2,0,2,0,0,0,0,0,3638872
"1444",4,0,4,0,0,0,0,0,3736662
"1445",5,1,6,0,0,0,0,0,2471345
"1446",0,0,1,0,0,0,0,0,134903
"1447",0,0,1,0,0,0,0,0,4322030
"1448",5,1,6,0,0,0,0,0,4807203
"1449",0,0,1,0,0,0,0,0,537728
"1450",2,0,2,0,0,0,0,0,4416212
"1451",3,0,3,0,0,0,0,0,61212
"1452",1,2,3,0,0,0,0,0,1603535
"1453",1,0,1,0,0,0,0,0,2939139
"1454",1,0,1,0,0,0,0,0,104257
"1455",3,0,4,0,0,0,0,0,2243892
"1456",3,0,3,0,0,0,0,0,571688
"1457",0,0,1,0,0,0,0,0,4045677
"1458",2,0,2,0,0,0,0,0,1157386
"1459",0,0,1,0,0,0,0,0,1162091
"1460",0,0,1,0,0,0,0,0,1198902
"1461",0,0,1,0,0,0,0,0,3391646
"1462",0,0,1,0,0,0,0,0,781470
"1463",1,0,3,0,0,0,0,0,3893697
"1464",3,0,3,0,0,0,0,0,2682388
"1465",2,0,6,0,0,0,0,0,116357
"1466",4,0,5,0,0,0,0,0,1396004
"1467",2,0,2,0,0,0,0,0,722446
"1468",1,0,1,0,0,0,0,0,4840592
"1469",3,0,3,0,0,0,0,0,3697026
"1470",0,0,1,0,0,0,0,0,2478155
"1471",1,0,1,0,0,0,0,0,240662
"1472",0,0,1,0,0,0,0,0,455078
"1473",1,0,1,0,0,0,0,0,1160786
"1474",1,0,2,0,0,0,0,0,4077721
"1475",0,1,1,0,0,0,0,0,2668567
"1476",1,0,1,0,0,0,0,0,2261363
"1477",2,0,2,0,0,0,0,0,3273632
"1478",1,0,2,0,0,0,0,0,4515152
"1479",2,0,1,0,0,0,0,0,2067675
"1480",0,0,1,0,0,0,0,0,4589764
"1481",1,0,1,0,0,0,0,0,2434803
"1482",2,0,2,0,0,0,0,0,2026448
"1483",3,0,3,0,0,0,0,0,2409035
"1484",4,0,4,0,0,0,0,0,2576755
"1485",4,0,4,0,0,0,0,0,2647684
"1486",0,0,1,0,0,0,0,0,2301227
"1487",3,0,3,0,0,0,0,0,3767754
"1488",1,0,1,0,0,0,0,0,4070029
"1489",4,0,4,0,0,0,0,0,3555423
"1490",1,0,2,0,0,0,0,0,4048355
"1491",0,0,1,0,0,0,0,0,737534
"1492",0,0,1,0,0,0,0,0,948360
"1493",1,0,1,0,0,0,0,0,3186142
"1494",1,0,1,0,0,0,0,0,4515123
"1495",1,0,0,1,0,0,0,0,3703220
"1496",1,0,0,0,0,0,1,0,1002733
"1497",1,0,0,0,0,0,1,0,1359913
"1498",0,0,8,0,0,0,0,0,2513484
"1499",8,0,0,1,2,0,5,0,2255574
"1500",1,1,0,1,0,0,1,0,1443245
"1501",1,0,0,0,0,0,1,0,630304
"1502",1,0,0,0,0,0,1,0,3154245
"1503",1,0,0,0,1,0,0,0,2524786
"1504",1,0,0,0,0,0,1,0,3486760
"1505",0,0,2,0,0,0,0,0,1170253
"1506",1,0,0,0,0,0,1,0,3711942
"1507",2,0,0,0,1,0,1,0,3788857
"1508",1,0,0,1,0,0,0,0,351572
"1509",1,0,0,0,0,0,1,0,2034136
"1510",1,0,0,1,0,0,0,0,1092959
"1511",4,0,0,1,0,0,3,0,4150365
"1512",1,0,0,0,0,0,1,0,4243455
"1513",2,0,0,1,0,0,1,0,2846706
"1514",0,0,9,0,0,0,0,0,2580945
"1515",3,0,0,0,0,1,2,0,1053184
"1516",1,0,0,0,0,0,1,0,2482150
"1517",2,0,0,0,0,0,2,0,4031097
"1518",1,0,0,0,0,0,1,0,2343722
"1519",1,0,0,0,0,0,1,0,2972846
"1520",0,0,1,0,0,0,0,0,1437870
"1521",2,0,0,2,0,0,0,0,1057692
"1522",1,0,0,0,0,0,1,0,3113176
"1523",1,0,0,0,0,1,0,0,2603175
"1524",2,0,0,1,0,0,1,0,2694693
"1525",2,0,0,0,0,0,1,0,4260521
"1526",2,0,0,0,0,0,2,0,3632
"1527",2,0,0,0,0,1,1,0,1415773
"1528",1,1,0,1,0,0,0,1,2279351
"1529",2,0,0,1,0,0,1,0,3663069
"1530",1,0,0,0,0,0,1,0,1242555
"1531",1,0,0,0,0,0,1,0,342498
"1532",1,0,0,0,0,0,1,0,3850004
"1533",1,0,0,0,0,0,1,0,4933696
"1534",1,0,0,0,0,0,1,0,4968764
"1535",1,0,0,1,0,0,0,0,2600818
"1536",15,0,0,9,1,2,3,0,2492019
"1537",4,0,0,1,1,1,1,0,3291160
"1538",1,0,0,0,0,0,1,0,389518
"1539",1,0,0,0,0,0,1,0,3935057
"1540",2,0,0,0,0,0,2,0,2962881
"1541",1,0,0,0,0,0,1,0,3473658
"1542",1,0,0,1,0,0,0,0,2288471
"1543",2,0,0,1,0,0,1,0,1606502
"1544",4,0,0,1,0,0,2,1,654443
"1545",1,0,0,0,0,0,0,1,3336399
"1546",1,1,0,2,0,0,0,0,2517261
"1547",1,0,0,0,0,0,1,0,3158689
"1548",9,0,0,3,1,1,4,0,708843
"1549",1,0,0,0,0,0,1,0,2602881
"1550",2,0,0,1,0,0,1,0,1692724
"1551",1,0,0,0,0,0,1,0,1045018
"1552",1,0,0,1,0,0,0,0,922669
"1553",1,0,0,0,1,0,0,0,3678039
"1554",3,0,0,0,0,0,3,0,2018573
"1555",2,0,0,1,0,0,0,1,3509495
"1556",0,1,0,0,0,0,1,0,446518
"1557",1,0,0,0,0,0,1,0,317053
"1558",2,0,0,2,0,0,0,0,4293030
"1559",2,0,0,0,0,0,2,0,3778849
"1560",0,0,1,0,0,0,0,0,2880683
"1561",3,0,0,1,0,0,2,0,3256379
"1562",4,0,0,0,0,0,3,1,3558372
"1563",1,0,0,0,0,0,1,0,1057687
"1564",2,0,0,0,1,0,1,0,1052096
"1565",1,0,0,0,0,0,1,0,4607728
"1566",3,0,0,3,0,0,0,0,2930129
"1567",1,0,0,0,1,0,0,0,3335894
"1568",2,0,0,1,0,0,1,0,3090930
"1569",2,0,0,1,0,0,1,0,2118183
"1570",1,0,0,0,0,0,1,0,4212235
"1571",13,0,0,5,0,3,5,0,2509539
"1572",1,0,0,1,0,0,0,0,3404377
"1573",2,0,0,0,0,0,1,0,3967759
"1574",2,0,0,0,0,0,2,0,2911760
"1575",1,0,0,0,1,0,0,0,1680512
"1576",1,0,0,1,0,0,0,0,2076974
"1577",8,1,0,3,0,1,5,0,388953
"1578",1,0,0,0,0,0,1,0,648343
"1579",1,0,0,0,0,0,1,0,3422353
"1580",2,0,0,1,0,0,1,0,3168524
"1581",1,0,0,0,0,1,0,0,3189670
"1582",1,0,0,1,0,0,0,0,426805
"1583",2,0,0,0,0,0,2,0,710673
"1584",1,0,0,0,0,0,1,0,3070278
"1585",1,0,0,1,0,0,0,0,2278352
"1586",5,0,0,4,1,0,0,0,161384
"1587",1,0,0,0,0,0,1,0,4129071
"1588",1,0,0,1,0,0,0,0,3091988
"1589",1,0,0,0,0,0,1,0,386057
"1590",1,0,0,0,0,0,1,0,542351
"1591",2,0,0,0,0,0,2,0,2044102
"1592",1,0,0,0,1,0,0,0,1393107
"1593",1,1,0,0,0,0,2,0,3999132
"1594",1,0,0,1,0,0,0,0,3079194
"1595",0,1,0,0,0,0,0,1,2981049
"1596",3,0,0,0,0,0,3,0,3762548
"1597",1,0,0,0,0,0,1,0,776043
"1598",2,0,0,1,0,0,1,0,3636577
"1599",1,0,0,0,0,0,1,0,4570902
"1600",1,0,0,0,0,0,1,0,3874733
"1601",1,0,0,0,0,0,1,0,3945850
"1602",4,1,0,2,0,0,3,0,2579663
"1603",1,0,0,0,0,0,1,0,2242863
"1604",1,0,0,0,0,1,0,0,1861828
"1605",1,0,0,0,0,0,1,0,1295934
"1606",1,0,0,1,0,0,0,0,250697
"1607",1,0,0,0,0,0,1,0,2934134
"1608",6,1,0,0,1,0,6,0,947642
"1609",13,0,0,4,0,1,8,0,3836452
"1610",1,0,0,0,1,0,0,0,4278474
"1611",2,0,0,1,0,0,0,1,3590292
"1612",1,0,0,1,0,0,0,0,140745
"1613",1,0,0,1,0,0,0,0,178173
"1614",1,0,0,1,0,0,0,0,2619696
"1615",2,0,0,0,0,1,1,0,3475052
"1616",1,0,0,0,0,0,1,0,3559029
"1617",1,0,0,0,0,0,1,0,2159636
"1618",1,0,0,1,0,0,0,0,2525731
"1619",2,0,0,0,0,0,2,0,2111800
"1620",1,0,0,0,0,0,1,0,4933130
"1621",1,1,0,0,1,1,0,0,1446065
"1622",2,0,0,0,0,0,0,2,4706020
"1623",1,0,0,1,0,0,0,0,3767811
"1624",1,0,0,0,1,0,0,0,2982
"1625",1,0,0,0,0,0,1,0,3785583
"1626",1,0,0,1,0,0,0,0,1431338
"1627",3,0,0,1,0,0,2,0,62528
"1628",2,0,0,1,1,0,0,0,1930899
"1629",1,0,0,0,0,0,1,0,1634720
"1630",1,0,0,0,0,0,1,0,1426837
"1631",1,0,0,0,0,1,0,0,1862138
"1632",1,0,0,0,0,1,0,0,3393305
"1633",8,0,0,1,0,0,7,0,4535497
"1634",0,1,0,0,0,0,1,0,2277391
"1635",2,0,0,0,1,0,1,0,2756008
"1636",11,0,0,4,1,0,6,0,1367778
"1637",2,0,0,2,0,0,0,0,2389033
"1638",3,0,0,0,0,0,3,0,592444
"1639",1,0,0,1,0,0,0,0,2788324
"1640",1,0,0,0,0,0,1,0,3046197
"1641",1,0,0,0,0,0,1,0,4786714
"1642",2,0,0,0,0,0,2,0,4665070
"1643",1,0,0,0,0,0,1,0,3700899
"1644",8,0,0,3,0,0,4,1,1917797
"1645",1,0,0,1,0,0,0,0,1705548
"1646",2,0,0,1,0,0,1,0,1783893
"1647",6,0,0,3,0,1,2,0,635237
"1648",4,0,0,0,0,1,3,0,4546548
"1649",1,0,0,0,0,0,1,0,4224587
"1650",2,0,0,0,0,0,2,0,3374761
"1651",4,0,0,2,0,0,2,0,4903989
"1652",1,0,0,0,0,0,1,0,487751
"1653",1,0,0,0,0,0,1,0,200067
"1654",2,0,0,1,0,0,1,0,4049467
"1655",2,0,0,1,0,0,1,0,1934062
"1656",2,0,0,0,0,0,2,0,1540369
"1657",1,0,0,0,0,0,1,0,1415789
"1658",2,0,0,0,0,0,2,0,366104
"1659",1,0,0,0,0,0,1,0,926019
"1660",2,0,0,0,0,0,2,0,2429345
"1661",1,0,0,0,0,0,1,0,2090572
"1662",1,0,0,0,0,0,1,0,3290041
"1663",1,0,0,0,0,0,1,0,3119592
"1664",1,0,0,0,0,0,1,0,1779025
"1665",1,0,0,0,0,0,1,0,3196092
"1666",1,0,0,1,0,0,0,0,3078888
"1667",1,0,0,0,1,0,0,0,157655
"1668",1,0,0,0,0,0,1,0,3311926
"1669",1,0,0,0,0,0,1,0,351367
"1670",1,0,0,1,0,0,0,0,3791999
"1671",1,1,0,1,0,0,1,0,4918442
"1672",15,0,0,6,1,1,6,1,879359
"1673",3,0,0,2,0,1,0,0,2447025
"1674",1,0,0,0,1,0,0,0,2404990
"1675",1,0,0,0,0,0,1,0,481389
"1676",1,0,0,0,0,0,1,0,664517
"1677",1,0,0,0,0,0,1,0,2871489
"1678",0,0,8,0,0,0,0,0,2747666
"1679",0,1,0,0,0,0,0,1,3393780
"1680",2,0,0,0,0,0,2,0,879751
"1681",1,0,0,0,0,0,1,0,4528444
"1682",2,0,0,1,0,0,1,0,2656059
"1683",1,0,0,1,0,0,0,0,4021455
"1684",1,0,0,0,0,0,1,0,1321417
"1685",1,0,0,1,0,0,0,0,2227304
"1686",2,0,0,0,0,0,2,0,1186634
"1687",2,0,0,0,1,0,1,0,4916295
"1688",1,0,0,0,0,1,0,0,68920
"1689",0,0,1,0,0,0,0,0,1726587
"1690",2,0,0,1,0,0,1,0,4159275
"1691",1,0,0,0,0,0,1,0,768770
"1692",1,0,0,1,0,0,0,0,2730234
"1693",2,0,0,0,0,0,2,0,1574910
"1694",1,0,0,1,0,0,0,0,2669499
"1695",0,0,1,0,0,0,0,0,2831341
"1696",3,0,0,0,0,0,3,0,3310508
"1697",2,0,0,0,0,0,2,0,3043817
"1698",1,0,0,0,0,0,1,0,2478774
"1699",1,0,0,1,0,0,0,0,393033
"1700",1,0,0,0,0,0,1,0,856533
"1701",0,0,1,0,0,0,0,0,1811047
"1702",1,0,0,0,0,0,1,0,3351674
"1703",1,0,0,0,0,1,0,0,4201510
"1704",2,0,0,0,0,0,2,0,4489061
"1705",2,0,0,0,0,0,2,0,107058
"1706",4,0,0,1,0,0,3,0,671974
"1707",0,0,1,0,0,0,0,0,3508801
"1708",1,0,0,0,0,0,1,0,1969519
"1709",1,0,0,0,0,0,1,0,2497522
"1710",1,0,0,0,0,0,1,0,1207741
"1711",2,0,0,0,0,0,2,0,549923
"1712",1,0,0,0,0,1,0,0,388394
"1713",1,0,0,0,0,0,1,0,4768681
"1714",1,0,0,1,0,0,0,0,530197
"1715",0,0,1,0,0,0,0,0,4535861
"1716",2,0,0,1,0,0,1,0,829371
"1717",3,0,0,2,1,0,0,0,3184458
"1718",1,0,0,1,0,0,0,0,1945334
"1719",1,0,0,0,0,0,1,0,1455349
"1720",1,0,0,0,0,0,1,0,1124383
"1721",1,0,0,0,1,0,0,0,1953760
"1722",0,1,0,1,0,0,0,0,4338147
"1723",1,0,0,1,0,0,0,0,3886289
"1724",1,0,0,1,0,0,0,0,4549902
"1725",1,0,0,0,1,0,0,0,4688537
"1726",1,0,0,1,0,0,0,0,452492
"1727",2,0,0,2,0,0,0,0,3459215
"1728",1,0,0,1,0,0,0,0,4734290
"1729",1,0,0,1,0,0,0,0,1063397
"1730",3,0,0,1,1,1,0,0,2570950
"1731",1,0,0,1,0,0,0,0,2843857
"1732",1,0,0,1,0,0,0,0,2796272
"1733",2,0,0,0,2,0,0,0,2199756
"1734",1,0,0,1,0,0,0,0,2319069
"1735",2,0,0,2,0,0,0,0,2402081
"1736",1,0,0,1,0,0,0,0,1937870
"1737",1,0,0,1,0,0,0,0,2854930
"1738",2,0,0,2,0,0,0,0,4453498
"1739",4,0,0,3,1,0,0,0,3704708
"1740",1,0,0,1,0,0,0,0,2870210
"1741",2,0,0,1,1,0,0,0,1315419
"1742",1,0,0,0,1,0,0,0,3725303
"1743",1,0,0,1,1,0,0,0,1570558
"1744",2,0,0,2,0,0,0,0,4591162
"1745",1,0,0,1,0,0,0,0,4512501
"1746",0,0,1,0,0,0,0,0,4302180
"1747",0,0,1,0,0,0,0,0,3305389
"1748",0,0,1,0,0,0,0,0,2201693
"1749",0,0,1,0,0,0,0,0,1231582
"1750",1,0,0,1,0,0,0,0,1210822
"1751",1,0,0,1,0,0,0,0,2329118
"1752",0,0,1,0,0,0,0,0,452260
"1753",0,0,1,0,0,0,0,0,3249926
"1754",0,0,1,0,0,0,0,0,4263861
"1755",0,0,1,0,0,0,0,0,2795824
"1756",1,0,0,0,1,0,0,0,4122633
"1757",0,0,1,0,0,0,0,0,1438262
"1758",1,0,0,0,1,0,0,0,3084313
"1759",1,0,0,1,0,0,0,0,1626480
"1760",0,0,1,0,0,0,0,0,2088160
"1761",1,0,0,0,1,0,0,0,1960888
"1762",0,0,1,0,0,0,0,0,235594
"1763",0,0,1,0,0,0,0,0,4348497
"1764",1,0,0,0,1,0,0,0,1475797
"1765",5,0,0,4,1,0,0,0,3053308
"1766",1,0,0,1,0,0,0,0,2337562
"1767",0,0,1,0,0,0,0,0,652245
"1768",4,0,0,4,2,0,1,0,3584285
"1769",1,1,0,0,2,0,0,0,2484518
"1770",0,0,1,0,0,0,0,0,2128553
"1771",0,1,0,0,1,0,0,0,1561092
"1772",1,0,0,1,0,0,0,0,866024
"1773",1,0,0,0,1,0,0,0,1769686
"1774",1,0,1,0,0,0,0,0,4079009
"1775",0,0,1,0,0,0,0,0,3038464
"1776",1,0,0,0,1,0,0,0,3120171
"1777",0,0,1,0,0,0,0,0,643705
"1778",2,0,0,1,0,0,0,0,2275851
"1779",2,0,0,1,0,0,0,0,3432862
"1780",1,0,0,0,1,0,0,0,1121516
"1781",1,0,0,0,1,0,0,0,3931686
"1782",1,0,0,1,0,0,0,0,104573
"1783",1,0,0,2,0,0,0,0,1287320
"1784",1,0,0,0,1,0,0,0,739007
"1785",1,0,0,2,0,0,0,0,3566084
"1786",0,0,1,0,0,0,0,0,2047935
"1787",1,0,0,0,3,0,0,0,3346124
"1788",0,0,1,0,0,0,0,0,4477164
"1789",0,0,1,0,0,0,0,0,1233746
"1790",0,0,1,0,0,0,0,0,2934924
"1791",1,0,0,0,1,0,0,0,206747
"1792",0,0,1,0,0,0,0,0,2935923
"1793",1,0,0,0,1,0,0,0,1144756
"1794",0,0,1,0,0,0,0,0,2006284
"1795",1,0,0,1,0,0,0,0,1261181
"1796",1,0,0,0,1,0,0,0,4921048
"1797",0,0,1,0,0,0,0,0,2688405
"1798",0,1,0,0,1,0,0,0,882342
"1799",1,0,1,0,0,0,0,0,58585
"1800",1,0,1,0,0,0,0,0,431444
"1801",2,0,0,0,0,0,2,0,894074
"1802",1,0,0,0,0,0,1,0,3437155
"1803",1,0,1,0,0,0,0,0,389408
"1804",1,0,1,0,0,0,0,0,3375903
"1805",0,1,0,1,0,0,0,0,218108
"1806",0,1,1,0,0,0,0,0,4683719
"1807",0,0,1,0,0,0,0,0,4670069
"1808",2,0,1,0,0,0,0,0,2593269
"1809",2,0,1,0,0,0,0,0,1436293
"1810",1,0,1,0,0,0,0,0,364957
"1811",0,2,1,0,0,0,0,0,3766709
"1812",1,1,1,0,0,0,0,0,4377867
"1813",1,0,1,0,0,0,0,0,507105
"1814",2,0,1,0,0,0,0,0,1431077
"1815",1,1,1,0,0,0,0,0,4388018
"1816",2,0,0,0,0,0,2,0,2468183
"1817",5,0,1,0,0,0,0,0,4705264
"1818",1,0,0,0,1,0,0,0,3906989
"1819",6,0,1,0,0,0,0,0,1821729
"1820",1,0,1,0,0,0,0,0,4859610
"1821",0,0,1,0,0,0,0,0,364574
"1822",0,0,1,0,0,0,0,0,1459189
"1823",2,0,1,0,0,0,0,0,4978074
"1824",1,0,0,0,0,0,1,0,3820141
"1825",1,0,1,0,0,0,0,0,2563953
"1826",4,0,1,0,0,0,0,0,3589108
"1827",1,0,0,1,0,0,0,0,636153
"1828",1,0,1,0,0,0,0,0,2372333
"1829",11,0,1,0,0,0,0,0,4299805
"1830",1,0,1,0,0,0,0,0,2923700
"1831",4,0,1,0,0,0,0,0,2346204
"1832",1,0,1,0,0,0,0,0,1566769
"1833",1,0,0,0,1,0,0,0,2941642
"1834",1,0,1,0,0,0,0,0,292784
"1835",1,0,1,0,0,0,0,0,965568
"1836",1,0,1,0,0,0,0,0,4770440
"1837",1,0,0,0,0,0,1,0,2337764
"1838",1,0,0,0,1,0,0,0,3617801
"1839",2,0,1,0,0,0,0,0,3471252
"1840",11,0,1,0,0,0,0,0,4301657
"1841",5,0,1,0,0,0,0,0,2574237
"1842",3,1,1,0,0,0,0,0,1275201
"1843",1,0,1,0,0,0,0,0,3942203
"1844",1,0,0,0,0,0,1,0,1106153
"1845",0,0,1,0,0,0,0,0,2529316
"1846",6,0,1,0,0,0,0,0,3995910
"1847",0,0,1,0,0,0,0,0,4730053
"1848",0,0,1,0,0,0,0,0,3352019
"1849",1,0,0,1,0,0,0,0,2743228
"1850",1,0,0,0,0,0,1,0,3348381
"1851",2,0,1,0,0,0,0,0,3879679
"1852",1,0,0,0,0,0,1,0,3472029
"1853",0,0,1,0,0,0,0,0,3251124
"1854",3,0,0,0,0,0,3,0,1412761
"1855",1,0,1,0,0,0,0,0,4908767
"1856",0,0,1,0,0,0,0,0,3739310
"1857",1,0,0,0,1,0,0,0,4995656
"1858",1,0,1,0,0,0,0,0,313475
"1859",1,0,0,0,0,0,1,0,2587776
"1860",11,0,1,0,0,0,0,0,2426035
"1861",1,0,1,0,0,0,0,0,3045275
"1862",0,1,1,0,0,0,0,0,3849727
"1863",1,0,0,0,1,0,0,0,1252465
"1864",1,0,1,0,0,0,0,0,3739212
"1865",1,0,1,0,0,0,0,0,4215628
"1866",1,0,0,0,0,0,1,0,4891693
"1867",0,0,1,0,0,0,0,0,94866
"1868",1,0,0,0,0,0,1,0,2784700
"1869",1,0,1,0,0,0,0,0,3477844
"1870",1,0,1,0,0,0,0,0,4700253
"1871",1,0,0,0,0,0,1,0,3084208
"1872",1,0,0,0,0,0,1,0,255904
"1873",0,1,1,0,0,0,0,0,4913963
"1874",2,0,1,0,0,0,0,0,2307154
"1875",1,0,1,0,0,0,0,0,4353405
"1876",1,0,0,0,0,0,1,0,3579296
"1877",2,0,1,0,0,0,0,0,1680584
"1878",3,0,1,0,0,0,0,0,2236982
"1879",1,0,0,0,1,0,0,0,2603587
"1880",0,0,1,0,0,0,0,0,4521676
"1881",5,0,0,0,1,0,4,0,4780095
"1882",1,0,0,0,0,0,1,0,4205752
"1883",1,0,0,0,0,0,1,0,1083787
"1884",1,0,1,0,0,0,0,0,3986141
"1885",0,0,1,0,0,0,0,0,1696209
"1886",1,0,1,0,0,0,0,0,1251010
"1887",1,0,1,0,0,0,0,0,2653905
"1888",1,0,1,0,0,0,0,0,2360786
"1889",1,0,1,0,0,0,0,0,1450794
"1890",1,0,0,0,0,0,1,0,2677289
"1891",1,0,1,0,0,0,0,0,4903000
"1892",1,0,1,0,0,0,0,0,3067479
"1893",2,0,1,0,0,0,0,0,2013251
"1894",0,0,1,0,0,0,0,0,4569870
"1895",1,1,0,0,0,0,2,0,3544020
"1896",1,0,1,0,0,0,0,0,4719593
"1897",0,0,1,0,0,0,0,0,1894518
"1898",1,0,1,0,0,0,0,0,4899590
"1899",1,0,1,0,0,0,0,0,2963395
"1900",1,0,0,0,0,0,1,0,3350593
"1901",1,0,0,1,0,0,0,0,1896772
"1902",1,0,0,1,0,0,1,0,2031888
"1903",0,0,0,1,0,0,0,0,2521173
"1904",1,0,0,1,0,0,0,0,4448187
"1905",1,0,0,1,0,0,0,0,2270385
"1906",1,0,0,0,0,0,1,0,4113737
"1907",1,0,0,1,0,0,0,0,4908810
"1908",0,0,0,1,0,1,2,0,4207840
"1909",1,0,0,1,0,0,0,0,954619
"1910",1,0,0,0,1,0,0,0,1926197
"1911",1,0,0,2,0,0,0,0,2739503
"1912",1,0,0,1,0,0,0,0,2839975
"1913",1,0,0,0,1,0,0,0,3844051
"1914",1,0,0,1,0,0,0,0,2847154
"1915",2,0,0,1,1,0,0,0,1262509
"1916",1,0,0,1,0,0,0,0,1086705
"1917",1,0,0,1,0,0,0,0,3572718
"1918",1,0,0,0,1,0,0,0,2348440
"1919",1,0,0,1,0,0,0,0,2050720
"1920",4,0,0,4,0,0,0,0,91909
"1921",1,0,0,1,0,0,0,0,4121668
"1922",1,0,0,1,0,0,0,0,2477934
"1923",2,0,0,2,0,0,0,0,4456815
"1924",1,0,0,0,0,0,1,0,1457308
"1925",1,0,0,1,0,0,0,0,2352648
"1926",0,1,0,0,1,0,0,0,4775432
"1927",1,0,0,1,0,0,0,0,2567724
"1928",2,0,0,2,0,0,0,0,2823665
"1929",1,0,0,1,0,0,0,0,1742074
"1930",1,0,0,1,0,0,0,0,4658254
"1931",0,0,0,2,0,0,1,0,3317113
"1932",1,0,0,1,0,0,0,0,1442892
"1933",1,0,0,0,1,0,0,0,4576680
"1934",0,0,1,0,0,0,0,0,760791
"1935",0,0,1,0,0,0,0,0,2166996
"1936",0,0,1,0,0,0,0,0,4972951
"1937",0,0,1,0,0,0,0,0,3411777
"1938",0,0,1,0,0,0,0,0,4516393
"1939",0,0,1,0,0,0,0,0,136214
"1940",0,0,1,0,0,0,0,0,3715627
"1941",0,0,1,0,0,0,0,0,4900784
"1942",0,0,1,0,0,0,0,0,1846015
"1943",0,0,1,0,0,0,0,0,3881234
"1944",0,0,1,0,0,0,0,0,1464809
"1945",0,0,1,0,0,0,0,0,3814274
"1946",0,0,1,0,0,0,0,0,282934
"1947",0,0,1,0,0,0,0,0,2912596
"1948",0,0,1,0,0,0,0,0,1170941
"1949",0,0,1,0,0,0,0,0,2793693
"1950",0,0,1,0,0,0,0,0,3625924
"1951",0,0,1,0,0,0,0,0,1239856
"1952",0,0,1,0,0,0,0,0,4789974
"1953",0,0,1,0,0,0,0,0,4469919
"1954",0,0,1,0,0,0,0,0,2029043
"1955",0,0,1,0,0,0,0,0,3755514
"1956",0,0,1,0,0,0,0,0,1413375
"1957",0,0,1,0,0,0,0,0,4423879
"1958",0,0,1,0,0,0,0,0,1418759
"1959",0,0,1,0,0,0,0,0,4860873
"1960",0,0,1,0,0,0,0,0,1253425
"1961",0,0,1,0,0,0,0,0,1253356
"1962",0,0,1,0,0,0,0,0,889939
"1963",0,0,1,0,0,0,0,0,1498095
"1964",0,0,1,0,0,0,0,0,3273706
"1965",0,0,1,0,0,0,0,0,972248
"1966",0,0,1,0,0,0,0,0,4390836
"1967",0,0,1,0,0,0,0,0,3632774
"1968",0,0,1,0,0,0,0,0,4790177
"1969",0,0,1,0,0,0,0,0,4120924
"1970",0,0,1,0,0,0,0,0,913113
"1971",0,0,1,0,0,0,0,0,3553997
"1972",0,0,1,0,0,0,0,0,3781224
"1973",0,0,1,0,0,0,0,0,4236873
"1974",0,0,1,0,0,0,0,0,1827678
"1975",0,0,1,0,0,0,0,0,3389664
"1976",0,0,1,0,0,0,0,0,1880799
"1977",0,0,1,0,0,0,0,0,472846
"1978",0,0,1,0,0,0,0,0,484886
"1979",0,0,1,0,0,0,0,0,2464575
"1980",0,0,1,0,0,0,0,0,1297102
"1981",0,0,1,0,0,0,0,0,2586829
"1982",0,0,1,0,0,0,0,0,1913918
"1983",0,0,1,0,0,0,0,0,4418600
"1984",0,0,1,0,0,0,0,0,4863445
"1985",0,0,1,0,0,0,0,0,1701361
"1986",0,0,1,0,0,0,0,0,4976953
"1987",0,0,1,0,0,0,0,0,4519219
"1988",0,0,1,0,0,0,0,0,4271574
"1989",0,0,1,0,0,0,0,0,3016509
"1990",0,0,1,0,0,0,0,0,3195654
"1991",0,0,1,0,0,0,0,0,1956672
"1992",0,0,1,0,0,0,0,0,657079
"1993",0,0,1,0,0,0,0,0,884366
"1994",0,0,1,0,0,0,0,0,204032
"1995",0,0,1,0,0,0,0,0,667105
"1996",0,0,1,0,0,0,0,0,3199898
"1997",0,0,1,0,0,0,0,0,4347169
"1998",0,0,1,0,0,0,0,0,1440603
"1999",0,0,1,0,0,0,0,0,2842100
"2000",0,0,1,0,0,0,0,0,1571290
"2001",0,0,1,0,0,0,0,0,675121
"2002",0,0,1,0,0,0,0,0,4744891
"2003",0,0,1,0,0,0,0,0,1228645
"2004",0,0,1,0,0,0,0,0,613776
"2005",0,0,1,0,0,0,0,0,4727623
"2006",0,0,1,0,0,0,0,0,2169563
"2007",0,0,1,0,0,0,0,0,1226629
"2008",0,0,1,0,0,0,0,0,3649075
"2009",0,0,1,0,0,0,0,0,1585628
"2010",0,0,1,0,0,0,0,0,3799976
"2011",3,0,3,0,0,0,0,0,2516336
"2012",1,0,1,0,0,0,0,0,1703210
"2013",0,0,1,0,0,0,0,0,3471178
"2014",3,0,3,0,0,0,0,0,30032
"2015",2,0,2,0,0,0,0,0,3145342
"2016",0,0,1,0,0,0,0,0,1324466
"2017",0,0,1,0,0,0,0,0,3363132
"2018",1,0,1,0,0,0,0,0,3769532
"2019",1,0,0,0,1,0,0,0,130461
"2020",1,0,0,0,1,0,0,0,3883031
"2021",1,0,1,0,0,0,0,0,1897105
"2022",1,0,1,0,0,0,0,0,4334995
"2023",0,0,1,0,0,0,0,0,4280706
"2024",0,0,1,0,0,0,0,0,3816730
"2025",0,0,1,0,0,0,0,0,2546714
"2026",0,0,1,0,0,0,0,0,4520569
"2027",0,1,1,0,0,0,0,0,1798953
"2028",1,0,0,0,1,0,0,0,1398327
"2029",0,0,1,0,0,0,0,0,1072444
"2030",1,0,1,0,0,0,0,0,3688260
"2031",1,0,1,0,0,0,0,0,2966980
"2032",2,0,2,0,0,0,0,0,3760020
"2033",1,0,1,0,0,0,0,0,1497088
"2034",1,0,1,0,0,0,0,0,4138096
"2035",1,0,0,0,1,0,0,0,4853328
"2036",3,0,3,0,0,0,0,0,4656793
"2037",0,0,1,0,0,0,0,0,4855326
"2038",1,0,1,0,0,0,0,0,3693366
"2039",1,0,1,0,0,0,0,0,2503239
"2040",1,0,1,0,0,0,0,0,1756398
"2041",3,0,3,0,0,0,0,0,4551264
"2042",0,0,1,0,0,0,0,0,3947571
"2043",0,0,1,0,0,0,0,0,4629710
"2044",0,0,1,0,0,0,0,0,4301137
"2045",7,0,7,0,0,0,0,0,4290252
"2046",1,0,1,0,0,0,0,0,10983
"2047",1,0,1,0,0,0,0,0,686281
"2048",7,0,7,0,0,0,0,0,4879472
"2049",1,0,1,0,0,0,0,0,166940
"2050",0,0,1,0,0,0,0,0,2197021
"2051",1,0,1,0,0,0,0,0,852806
"2052",1,0,1,0,0,0,0,0,2846341
"2053",1,0,1,0,0,0,0,0,1074672
"2054",0,0,1,0,0,0,0,0,689330
"2055",0,0,1,0,0,0,0,0,3414881
"2056",0,0,1,0,0,0,0,0,2851441
"2057",0,0,1,0,0,0,0,0,3764125
"2058",0,0,1,0,0,0,0,0,3473792
"2059",0,0,1,0,0,0,0,0,969396
"2060",0,0,1,0,0,0,0,0,3737544
"2061",0,0,1,0,0,0,0,0,686243
"2062",0,0,1,0,0,0,0,0,2457702
"2063",0,0,1,0,0,0,0,0,947068
"2064",0,0,1,0,0,0,0,0,4887948
"2065",0,0,1,0,0,0,0,0,156685
"2066",0,0,1,0,0,0,0,0,3046384
"2067",0,0,1,0,0,0,0,0,4422336
"2068",0,0,1,0,0,0,0,0,290815
"2069",0,0,1,0,0,0,0,0,140599
"2070",0,0,1,0,0,0,0,0,36254
"2071",0,0,1,0,0,0,0,0,2013219
"2072",0,0,1,0,0,0,0,0,2830174
"2073",0,0,1,0,0,0,0,0,2576540
"2074",0,0,1,0,0,0,0,0,4074621
"2075",0,0,1,0,0,0,0,0,258598
"2076",0,0,1,0,0,0,0,0,1420381
"2077",0,0,1,0,0,0,0,0,3843665
"2078",0,0,1,0,0,0,0,0,700315
"2079",0,0,1,0,0,0,0,0,2382325
"2080",0,0,1,0,0,0,0,0,3590642
"2081",0,0,1,0,0,0,0,0,4966451
"2082",0,0,1,0,0,0,0,0,2276797
"2083",0,0,1,0,0,0,0,0,1917873
"2084",0,0,1,0,0,0,0,0,4952260
"2085",0,0,1,0,0,0,0,0,1036847
"2086",0,0,1,0,0,0,0,0,4630783
"2087",0,0,1,0,0,0,0,0,2895671
"2088",0,0,1,0,0,0,0,0,2036222
"2089",0,0,1,0,0,0,0,0,3656706
"2090",0,0,1,0,0,0,0,0,1364708
"2091",0,0,1,0,0,0,0,0,4492556
"2092",0,0,1,0,0,0,0,0,1119352
"2093",0,0,1,0,0,0,0,0,4320245
"2094",0,0,1,0,0,0,0,0,1322760
"2095",0,0,1,0,0,0,0,0,372660
"2096",0,0,1,0,0,0,0,0,2319686
"2097",0,0,1,0,0,0,0,0,2940403
"2098",0,0,1,0,0,0,0,0,1647784
"2099",0,0,1,0,0,0,0,0,2395554
"2100",0,0,1,0,0,0,0,0,3666126
"2101",0,0,1,0,0,0,0,0,3206793
"2102",0,0,1,0,0,0,0,0,4629371
"2103",0,0,1,0,0,0,0,0,3980704
"2104",0,0,1,0,0,0,0,0,4133185
"2105",0,0,1,0,0,0,0,0,1907208
"2106",0,0,1,0,0,0,0,0,3059070
"2107",0,0,1,0,0,0,0,0,353124
"2108",0,0,1,0,0,0,0,0,4131669
"2109",0,0,1,0,0,0,0,0,2814503
"2110",0,0,1,0,0,0,0,0,4997996
"2111",0,0,1,0,0,0,0,0,3928904
"2112",0,0,1,0,0,0,0,0,1720475
"2113",0,0,1,0,0,0,0,0,3934681
"2114",0,0,1,0,0,0,0,0,781309
"2115",0,0,1,0,0,0,0,0,551021
"2116",0,0,1,0,0,0,0,0,858222
"2117",0,0,1,0,0,0,0,0,1458503
"2118",0,0,1,0,0,0,0,0,3496546
"2119",0,0,1,0,0,0,0,0,4506774
"2120",0,0,1,0,0,0,0,0,3458175
"2121",0,0,1,0,0,0,0,0,2111649
"2122",0,0,1,0,0,0,0,0,1817478
"2123",0,0,1,0,0,0,0,0,3987154
"2124",0,0,1,0,0,0,0,0,906890
"2125",0,0,1,0,0,0,0,0,3139619
"2126",0,0,1,0,0,0,0,0,2698377
"2127",0,0,1,0,0,0,0,0,2059319
"2128",0,0,1,0,0,0,0,0,4382568
"2129",0,0,1,0,0,0,0,0,372105
"2130",0,0,1,0,0,0,0,0,1071360
"2131",0,0,1,0,0,0,0,0,2332955
"2132",0,0,1,0,0,0,0,0,3652267
"2133",0,0,1,0,0,0,0,0,497681
"2134",0,0,1,0,0,0,0,0,2721869
"2135",0,0,1,0,0,0,0,0,4350848
"2136",0,0,1,0,0,0,0,0,3149396
"2137",0,0,1,0,0,0,0,0,1348007
"2138",0,0,1,0,0,0,0,0,1879592
"2139",0,0,1,0,0,0,0,0,1628882
"2140",0,0,1,0,0,0,0,0,3549545
"2141",0,0,1,0,0,0,0,0,3047119
"2142",0,0,1,0,0,0,0,0,2432755
"2143",0,0,1,0,0,0,0,0,4191833
"2144",0,0,1,0,0,0,0,0,1925741
"2145",0,0,1,0,0,0,0,0,4393177
"2146",0,0,1,0,0,0,0,0,3903814
"2147",0,0,1,0,0,0,0,0,4032304
"2148",0,0,1,0,0,0,0,0,2568677
"2149",0,0,1,0,0,0,0,0,1172685
"2150",0,0,1,0,0,0,0,0,3325166
"2151",0,0,1,0,0,0,0,0,4532550
"2152",0,0,1,0,0,0,0,0,150735
"2153",0,0,1,0,0,0,0,0,3961623
"2154",0,0,1,0,0,0,0,0,1051346
"2155",0,0,1,0,0,0,0,0,1572237
"2156",0,0,1,0,0,0,0,0,4105720
"2157",0,0,1,0,0,0,0,0,1726522
"2158",0,0,1,0,0,0,0,0,2845208
"2159",0,0,1,0,0,0,0,0,3241336
"2160",0,0,1,0,0,0,0,0,4902974
"2161",0,0,1,0,0,0,0,0,367699
"2162",0,0,1,0,0,0,0,0,3019256
"2163",0,0,1,0,0,0,0,0,4619094
"2164",0,0,1,0,0,0,0,0,708489
"2165",0,0,1,0,0,0,0,0,4792399
"2166",0,0,1,0,0,0,0,0,2690935
"2167",0,0,1,0,0,0,0,0,1162994
"2168",0,0,1,0,0,0,0,0,320538
"2169",0,0,1,0,0,0,0,0,1878220
"2170",0,0,1,0,0,0,0,0,4657560
"2171",0,0,1,0,0,0,0,0,3118327
"2172",0,0,1,0,0,0,0,0,1444084
"2173",0,0,1,0,0,0,0,0,3514105
"2174",0,0,1,0,0,0,0,0,1256108
"2175",0,0,1,0,0,0,0,0,371447
"2176",0,0,1,0,0,0,0,0,1126398
"2177",0,0,1,0,0,0,0,0,441776
"2178",0,0,1,0,0,0,0,0,3542753
"2179",0,0,1,0,0,0,0,0,4598664
"2180",0,0,1,0,0,0,0,0,1333601
"2181",0,0,1,0,0,0,0,0,4208014
"2182",0,0,1,0,0,0,0,0,239142
"2183",0,0,1,0,0,0,0,0,4207694
"2184",0,0,1,0,0,0,0,0,410365
"2185",0,0,1,0,0,0,0,0,250311
"2186",0,0,1,0,0,0,0,0,1830235
"2187",0,0,1,0,0,0,0,0,1346440
"2188",0,0,1,0,0,0,0,0,889448
"2189",0,0,1,0,0,0,0,0,2346169
"2190",0,0,1,0,0,0,0,0,364461
"2191",0,0,1,0,0,0,0,0,849209
"2192",0,0,1,0,0,0,0,0,4729424
"2193",0,0,1,0,0,0,0,0,2682396
"2194",0,0,1,0,0,0,0,0,1263316
"2195",0,0,1,0,0,0,0,0,3034617
"2196",0,0,1,0,0,0,0,0,3677151
"2197",0,0,1,0,0,0,0,0,4848150
"2198",0,0,1,0,0,0,0,0,4233261
"2199",0,0,1,0,0,0,0,0,3292198
"2200",0,0,1,0,0,0,0,0,3476107
"2201",0,0,1,0,0,0,0,0,2752302
"2202",0,0,1,0,0,0,0,0,1954808
"2203",0,0,1,0,0,0,0,0,828485
"2204",0,0,1,0,0,0,0,0,1560276
"2205",0,0,1,0,0,0,0,0,4846075
"2206",0,0,1,0,0,0,0,0,4673078
"2207",0,0,1,0,0,0,0,0,2017870
"2208",0,0,1,0,0,0,0,0,919881
"2209",0,0,1,0,0,0,0,0,647012
"2210",0,0,1,0,0,0,0,0,2856882
"2211",0,0,1,0,0,0,0,0,3298079
"2212",0,0,1,0,0,0,0,0,4781755
"2213",0,0,1,0,0,0,0,0,3188562
"2214",0,0,1,0,0,0,0,0,2728629
"2215",0,0,1,0,0,0,0,0,3034763
"2216",0,0,1,0,0,0,0,0,1012657
"2217",0,0,1,0,0,0,0,0,2173255
"2218",0,0,1,0,0,0,0,0,942745
"2219",0,0,1,0,0,0,0,0,436127
"2220",0,0,1,0,0,0,0,0,4513968
"2221",0,0,1,0,0,0,0,0,1629487
"2222",0,0,1,0,0,0,0,0,3871876
"2223",0,0,1,0,0,0,0,0,4049542
"2224",0,0,1,0,0,0,0,0,2483080
"2225",0,0,1,0,0,0,0,0,1866887
"2226",0,0,1,0,0,0,0,0,1300826
"2227",0,0,1,0,0,0,0,0,4673404
"2228",0,0,1,0,0,0,0,0,383526
"2229",0,0,1,0,0,0,0,0,261173
"2230",0,0,1,0,0,0,0,0,3729946
"2231",0,0,1,0,0,0,0,0,1365967
"2232",0,0,1,0,0,0,0,0,1368925
"2233",0,0,1,0,0,0,0,0,155495
"2234",0,0,1,0,0,0,0,0,3513660
"2235",0,0,1,0,0,0,0,0,2187515
"2236",0,0,1,0,0,0,0,0,1086849
"2237",0,0,1,0,0,0,0,0,4917291
"2238",0,0,1,0,0,0,0,0,1733659
"2239",0,0,1,0,0,0,0,0,3443365
"2240",0,0,1,0,0,0,0,0,93315
"2241",0,0,1,0,0,0,0,0,1017059
"2242",0,0,1,0,0,0,0,0,1937117
"2243",0,0,1,0,0,0,0,0,2254124
"2244",0,0,1,0,0,0,0,0,693053
"2245",0,0,1,0,0,0,0,0,4218307
"2246",0,0,1,0,0,0,0,0,416657
"2247",0,0,1,0,0,0,0,0,1149378
"2248",0,0,1,0,0,0,0,0,1677614
"2249",0,0,1,0,0,0,0,0,2325463
"2250",0,0,1,0,0,0,0,0,773531
"2251",0,0,1,0,0,0,0,0,3092264
"2252",0,0,1,0,0,0,0,0,708368
"2253",0,0,1,0,0,0,0,0,2916707
"2254",0,0,1,0,0,0,0,0,1756866
"2255",0,0,1,0,0,0,0,0,3269157
"2256",0,0,1,0,0,0,0,0,1732304
"2257",0,0,1,0,0,0,0,0,4814590
"2258",0,0,1,0,0,0,0,0,3356473
"2259",0,0,1,0,0,0,0,0,4928206
"2260",0,0,1,0,0,0,0,0,41076
"2261",0,0,1,0,0,0,0,0,1618673
"2262",1,1,1,0,0,0,0,0,4743636
"2263",0,0,1,0,0,0,0,0,4565480
"2264",0,0,1,0,0,0,0,0,455365
"2265",0,0,1,0,0,0,0,0,3833227
"2266",0,0,1,0,0,0,0,0,4703703
"2267",0,0,1,0,0,0,0,0,989213
"2268",0,0,1,0,0,0,0,0,1918259
"2269",0,0,1,0,0,0,0,0,4036601
"2270",0,0,1,0,0,0,0,0,2381570
"2271",0,0,1,0,0,0,0,0,1677236
"2272",0,0,1,0,0,0,0,0,4478341
"2273",0,0,1,0,0,0,0,0,3823657
"2274",0,0,1,0,0,0,0,0,4121874
"2275",0,0,1,0,0,0,0,0,4742531
"2276",0,0,1,0,0,0,0,0,3546449
"2277",0,0,1,0,0,0,0,0,4973695
"2278",0,0,1,0,0,0,0,0,3766011
"2279",0,0,1,0,0,0,0,0,1304139
"2280",0,0,1,0,0,0,0,0,4219025
"2281",0,0,1,0,0,0,0,0,3567447
"2282",0,0,1,0,0,0,0,0,1944570
"2283",0,0,1,0,0,0,0,0,2859023
"2284",0,0,1,0,0,0,0,0,1995225
"2285",0,0,1,0,0,0,0,0,3862125
"2286",0,0,1,0,0,0,0,0,2762571
"2287",0,0,1,0,0,0,0,0,270746
"2288",0,0,1,0,0,0,0,0,917591
"2289",0,0,1,0,0,0,0,0,4742311
"2290",0,0,1,0,0,0,0,0,1696088
"2291",0,0,1,0,0,0,0,0,4791569
"2292",0,0,1,0,0,0,0,0,4505826
"2293",0,0,1,0,0,0,0,0,1624497
"2294",0,0,1,0,0,0,0,0,3179464
"2295",0,0,1,0,0,0,0,0,3582077
"2296",0,0,1,0,0,0,0,0,4964388
"2297",0,0,1,0,0,0,0,0,880124
"2298",0,0,1,0,0,0,0,0,1604274
"2299",0,0,1,0,0,0,0,0,2234139
"2300",0,0,1,0,0,0,0,0,4409168
"2301",0,0,1,0,0,0,0,0,2421693
"2302",0,0,1,0,0,0,0,0,2349973
"2303",0,0,1,0,0,0,0,0,2193472
"2304",0,0,1,0,0,0,0,0,2273372
"2305",0,0,1,0,0,0,0,0,416538
"2306",0,0,1,0,0,0,0,0,1708117
"2307",0,0,1,0,0,0,0,0,4399466
"2308",0,0,1,0,0,0,0,0,3153919
"2309",0,0,1,0,0,0,0,0,2212343
"2310",0,0,1,0,0,0,0,0,2916759
"2311",0,0,1,0,0,0,0,0,2619079
"2312",0,0,1,0,0,0,0,0,662555
"2313",0,0,1,0,0,0,0,0,805616
"2314",0,0,1,0,0,0,0,0,1044056
"2315",0,0,1,0,0,0,0,0,1584008
"2316",0,0,1,0,0,0,0,0,3240736
"2317",0,0,1,0,0,0,0,0,3290820
"2318",0,0,1,0,0,0,0,0,527970
"2319",0,0,1,0,0,0,0,0,1654692
"2320",0,0,1,0,0,0,0,0,2719081
"2321",0,0,1,0,0,0,0,0,3540813
"2322",0,0,1,0,0,0,0,0,1075047
"2323",0,0,1,0,0,0,0,0,1361859
"2324",0,0,1,0,0,0,0,0,1884570
"2325",0,0,1,0,0,0,0,0,1206552
"2326",0,0,1,0,0,0,0,0,3725288
"2327",0,0,1,0,0,0,0,0,279332
"2328",0,0,1,0,0,0,0,0,2499652
"2329",0,0,1,0,0,0,0,0,2822543
"2330",0,0,1,0,0,0,0,0,4669867
"2331",0,0,1,0,0,0,0,0,2953497
"2332",0,0,1,0,0,0,0,0,187325
"2333",0,0,1,0,0,0,0,0,4013696
"2334",0,0,1,0,0,0,0,0,88579
"2335",0,0,1,0,0,0,0,0,894990
"2336",0,0,1,0,0,0,0,0,3407051
"2337",0,0,1,0,0,0,0,0,4886056
"2338",0,0,1,0,0,0,0,0,4455101
"2339",0,0,1,0,0,0,0,0,444753
"2340",0,0,1,0,0,0,0,0,2701192
"2341",0,0,1,0,0,0,0,0,457327
"2342",0,0,1,0,0,0,0,0,4362217
"2343",0,0,1,0,0,0,0,0,368110
"2344",0,0,1,0,0,0,0,0,2138615
"2345",0,0,1,0,0,0,0,0,749789
"2346",0,0,1,0,0,0,0,0,4897409
"2347",0,0,1,0,0,0,0,0,4448443
"2348",0,0,1,0,0,0,0,0,4754524
"2349",0,0,1,0,0,0,0,0,51452
"2350",0,0,1,0,0,0,0,0,4255280
"2351",0,0,1,0,0,0,0,0,2762930
"2352",0,0,1,0,0,0,0,0,3107137
"2353",0,0,1,0,0,0,0,0,79285
"2354",0,0,1,0,0,0,0,0,4644460
"2355",0,0,1,0,0,0,0,0,3503733
"2356",0,0,1,0,0,0,0,0,1562771
"2357",0,0,1,0,0,0,0,0,3018784
"2358",0,0,1,0,0,0,0,0,3493998
"2359",0,0,1,0,0,0,0,0,1405029
"2360",0,0,1,0,0,0,0,0,3271899
"2361",0,0,1,0,0,0,0,0,3192867
"2362",0,0,1,0,0,0,0,0,1595579
"2363",0,0,1,0,0,0,0,0,3999525
"2364",0,0,1,0,0,0,0,0,2025843
"2365",0,0,1,0,0,0,0,0,572008
"2366",0,0,1,0,0,0,0,0,2348509
"2367",0,0,1,0,0,0,0,0,3332735
"2368",0,0,1,0,0,0,0,0,673924
"2369",0,0,1,0,0,0,0,0,4224404
"2370",0,0,1,0,0,0,0,0,4361044
"2371",0,0,1,0,0,0,0,0,533068
"2372",0,0,1,0,0,0,0,0,4997976
"2373",0,0,1,0,0,0,0,0,1829980
"2374",0,0,1,0,0,0,0,0,2114241
"2375",0,0,1,0,0,0,0,0,2359981
"2376",0,0,1,0,0,0,0,0,3317783
"2377",0,0,1,0,0,0,0,0,4678655
"2378",0,0,1,0,0,0,0,0,3310569
"2379",0,0,1,0,0,0,0,0,4953742
"2380",0,0,1,0,0,0,0,0,1697373
"2381",0,0,1,0,0,0,0,0,53975
"2382",0,0,1,0,0,0,0,0,3631087
"2383",0,0,1,0,0,0,0,0,1615807
"2384",0,0,1,0,0,0,0,0,4362470
"2385",0,0,1,0,0,0,0,0,4085112
"2386",0,0,1,0,0,0,0,0,654574
"2387",0,0,1,0,0,0,0,0,394954
"2388",0,0,1,0,0,0,0,0,3565659
"2389",0,0,1,0,0,0,0,0,1833056
"2390",0,0,1,0,0,0,0,0,144991
"2391",0,0,1,0,0,0,0,0,698225
"2392",0,0,1,0,0,0,0,0,4680146
"2393",0,0,1,0,0,0,0,0,59085
"2394",0,0,1,0,0,0,0,0,2851070
"2395",0,0,1,0,0,0,0,0,2458751
"2396",0,0,1,0,0,0,0,0,4126420
"2397",0,0,1,0,0,0,0,0,3904592
"2398",0,0,1,0,0,0,0,0,364975
"2399",0,0,1,0,0,0,0,0,4076338
"2400",0,0,1,0,0,0,0,0,4063976
"2401",0,0,1,0,0,0,0,0,3185856
"2402",0,0,1,0,0,0,0,0,2977193
"2403",0,0,1,0,0,0,0,0,1220942
"2404",0,0,1,0,0,0,0,0,1827332
"2405",0,0,1,0,0,0,0,0,1172456
"2406",0,0,1,0,0,0,0,0,448331
"2407",0,0,1,0,0,0,0,0,1922626
"2408",0,0,1,0,0,0,0,0,1728059
"2409",0,0,1,0,0,0,0,0,2329587
"2410",1,0,1,0,0,0,0,0,2498196
"2411",0,0,1,0,0,0,0,0,129305
"2412",0,0,1,0,0,0,0,0,2762246
"2413",0,0,1,0,0,0,0,0,4212989
"2414",0,0,1,0,0,0,0,0,3296307
"2415",0,0,1,0,0,0,0,0,1054488
"2416",0,0,1,0,0,0,0,0,4068887
"2417",0,0,1,0,0,0,0,0,4557695
"2418",0,0,1,0,0,0,0,0,1576561
"2419",0,0,1,0,0,0,0,0,2172758
"2420",0,0,1,0,0,0,0,0,4144246
"2421",0,0,1,0,0,0,0,0,741146
"2422",0,0,1,0,0,0,0,0,94852
"2423",0,0,1,0,0,0,0,0,380262
"2424",0,0,1,0,0,0,0,0,4532429
"2425",0,0,1,0,0,0,0,0,385413
"2426",0,0,1,0,0,0,0,0,1482809
"2427",0,0,1,0,0,0,0,0,3852664
"2428",0,0,1,0,0,0,0,0,1564783
"2429",0,0,1,0,0,0,0,0,4080862
"2430",0,0,1,0,0,0,0,0,437530
"2431",0,0,1,0,0,0,0,0,820795
"2432",0,0,1,0,0,0,0,0,2179351
"2433",0,0,1,0,0,0,0,0,4489195
"2434",0,0,1,0,0,0,0,0,3014765
"2435",0,0,1,0,0,0,0,0,4449415
"2436",0,0,1,0,0,0,0,0,3030699
"2437",3,0,0,2,0,1,0,0,2880095
"2438",2,0,0,2,0,0,0,0,4868591
"2439",5,0,0,4,0,0,1,0,1128314
"2440",1,0,0,1,0,0,0,0,3141695
"2441",1,0,0,1,0,0,0,0,3503790
"2442",1,0,0,1,0,0,1,0,1391738
"2443",1,0,0,1,0,0,0,0,2465653
"2444",1,0,0,1,0,0,0,0,2901400
"2445",1,0,0,1,0,0,0,0,535372
"2446",1,0,0,1,0,0,0,0,3711699
"2447",2,0,0,0,0,0,2,0,4787816
"2448",1,0,0,1,0,0,0,0,3344727
"2449",1,0,0,1,0,0,0,0,387794
"2450",1,0,0,1,0,0,0,0,81858
"2451",2,0,0,1,0,0,1,0,726939
"2452",1,0,0,1,0,0,0,0,4528154
"2453",3,0,0,3,0,0,0,0,93844
"2454",1,0,0,0,1,0,0,0,4247945
"2455",1,0,0,1,0,0,0,0,336398
"2456",3,0,0,3,0,0,0,0,4463121
"2457",2,0,0,2,0,0,0,0,3317351
"2458",1,0,0,1,0,0,0,0,1457477
"2459",2,0,0,2,0,0,0,0,971967
"2460",0,1,0,1,0,0,0,0,4414136
"2461",2,0,0,2,0,0,0,0,578888
"2462",1,0,0,1,0,0,0,0,1624793
"2463",1,0,0,0,0,0,1,0,641854
"2464",1,0,0,1,0,0,1,0,2044124
"2465",1,0,0,1,0,0,0,0,973097
"2466",0,1,0,0,0,0,1,0,798025
"2467",1,0,0,1,0,0,0,0,3449206
"2468",1,0,0,1,0,0,0,0,883396
"2469",4,0,0,4,0,0,0,0,1258683
"2470",1,0,0,1,0,0,0,0,4277158
"2471",9,0,0,5,0,1,3,0,1816666
"2472",1,0,0,1,0,0,0,0,2855645
"2473",2,0,0,2,0,0,0,0,1684856
"2474",3,0,0,1,0,0,2,0,1203891
"2475",1,0,0,1,0,0,0,0,1909050
"2476",1,0,0,0,0,0,1,0,1473683
"2477",1,0,0,1,0,0,0,0,2830056
"2478",1,0,0,1,0,1,0,0,2736809
"2479",1,0,0,1,0,0,0,0,3436149
"2480",1,0,0,1,0,0,0,0,958860
"2481",1,0,0,1,0,0,0,0,2913522
"2482",5,0,0,2,0,0,3,0,2470715
"2483",2,1,0,1,0,0,2,0,2425398
"2484",1,0,0,1,0,0,0,0,2693268
"2485",1,0,0,1,0,0,0,0,3684108
"2486",1,0,0,1,0,0,0,0,2570241
"2487",1,0,0,1,0,0,0,0,3924433
"2488",1,0,0,1,0,0,0,0,3813176
"2489",1,0,0,1,0,0,0,0,3901026
"2490",1,0,0,0,0,0,1,0,709218
"2491",1,0,0,0,0,0,1,0,4551879
"2492",1,0,0,1,0,0,0,0,4458882
"2493",1,0,0,0,0,0,1,0,2780038
"2494",5,0,0,3,0,0,2,0,3830104
"2495",1,0,0,1,0,0,0,0,3421904
"2496",1,0,0,0,0,0,1,0,4277147
"2497",1,0,0,1,0,0,0,0,2678208
"2498",1,0,0,1,0,0,0,0,3579834
"2499",2,0,0,1,0,0,1,0,812135
"2500",1,0,0,1,0,0,0,0,1462894
"2501",1,0,0,0,0,0,1,0,1337107
"2502",2,0,0,2,0,0,0,0,4571782
"2503",1,0,0,1,0,0,0,0,36331
"2504",2,1,0,3,0,0,0,0,2693042
"2505",1,0,0,0,1,0,0,0,4504270
"2506",1,0,0,1,0,0,0,0,1750535
"2507",1,0,0,0,0,0,1,0,2506659
"2508",3,0,0,3,0,0,0,0,362921
"2509",1,0,0,1,0,0,0,0,2222402
"2510",2,0,0,2,0,0,0,0,3657209
"2511",3,0,0,3,0,0,0,0,1660918
"2512",1,0,0,1,0,0,0,0,1772616
"2513",2,0,0,1,0,0,1,0,2481872
"2514",2,0,0,2,0,0,0,0,2565205
"2515",2,0,0,0,0,1,1,0,4738645
"2516",2,0,0,2,0,0,0,0,570442
"2517",2,0,0,2,0,0,0,0,2625213
"2518",3,0,0,3,0,0,0,0,2329115
"2519",2,0,0,1,0,1,1,0,2043494
"2520",3,0,0,3,0,0,0,0,984906
"2521",1,0,0,1,0,0,0,0,4159063
"2522",2,0,0,2,0,0,0,0,496425
"2523",1,0,0,1,0,0,0,0,4409634
"2524",1,0,0,1,0,0,0,0,337528
"2525",1,0,0,1,0,0,0,0,1178086
"2526",1,0,0,1,0,0,0,0,4708081
"2527",1,0,0,1,0,0,0,0,1093990
"2528",1,0,0,0,0,0,1,0,1856657
"2529",5,0,0,4,0,0,1,0,711694
"2530",3,0,0,3,0,0,0,0,4542665
"2531",1,0,0,1,0,0,0,0,4874897
"2532",3,0,0,3,0,0,0,0,1378388
"2533",1,0,0,1,0,0,0,0,1351791
"2534",1,0,0,1,0,0,0,0,4502914
"2535",1,0,0,1,0,0,0,0,2128122
"2536",1,0,0,0,0,0,1,0,3273344
"2537",2,0,0,2,0,0,0,0,2059540
"2538",5,0,0,4,0,0,1,0,71465
"2539",1,0,0,0,0,0,1,0,633614
"2540",2,0,0,2,0,0,0,0,1837753
"2541",6,0,0,6,0,0,2,0,2077167
"2542",2,0,0,2,0,1,0,0,2302920
"2543",1,1,0,2,0,0,0,0,4264853
"2544",1,0,0,1,0,0,0,0,2826685
"2545",0,0,1,0,0,0,0,0,2314449
"2546",0,0,1,0,0,0,0,0,98107
"2547",0,0,1,0,0,0,0,0,1457007
"2548",0,0,1,0,0,0,0,0,201639
"2549",0,0,1,0,0,0,0,0,2416522
"2550",0,0,1,0,0,0,0,0,1395853
"2551",0,0,1,0,0,0,0,0,2545802
"2552",0,0,1,0,0,0,0,0,1203036
"2553",0,0,1,0,0,0,0,0,1005580
"2554",0,0,1,0,0,0,0,0,796448
"2555",0,0,1,0,0,0,0,0,1635798
"2556",0,0,1,0,0,0,0,0,541374
"2557",0,0,1,0,0,0,0,0,1273738
"2558",0,0,1,0,0,0,0,0,1540086
"2559",0,0,1,0,0,0,0,0,3543918
"2560",0,0,1,0,0,0,0,0,1780517
"2561",0,0,1,0,0,0,0,0,2494600
"2562",0,0,1,0,0,0,0,0,3534586
"2563",0,0,1,0,0,0,0,0,3430175
"2564",1,0,0,1,0,0,0,0,1713361
"2565",1,0,0,0,0,0,1,0,916981
"2566",1,0,0,0,0,0,1,0,81924
"2567",1,0,0,0,0,0,1,0,1243317
"2568",2,0,0,0,0,0,2,0,4576430
"2569",1,0,0,1,0,0,0,0,786683
"2570",0,1,0,1,0,0,0,0,3528911
"2571",1,0,0,0,0,0,1,0,3365333
"2572",1,0,0,0,0,0,1,0,925534
"2573",1,0,0,1,0,0,0,0,4891334
"2574",1,0,0,1,0,0,0,0,3608082
"2575",1,0,0,0,1,0,0,0,1969579
"2576",1,1,0,1,0,0,0,1,4298031
"2577",1,0,0,0,0,0,1,0,253755
"2578",2,0,0,0,1,0,1,0,2256720
"2579",1,0,0,0,1,0,0,0,2796092
"2580",1,0,0,0,0,0,1,0,3761981
"2581",1,1,0,1,0,0,1,0,688629
"2582",1,0,0,0,0,0,1,0,1748543
"2583",1,0,0,0,0,0,1,0,3723446
"2584",1,0,0,1,0,0,0,0,22501
"2585",1,0,0,1,0,0,0,0,2405634
"2586",1,0,0,1,0,0,0,0,510033
"2587",1,0,0,1,0,0,0,0,828219
"2588",4,0,0,1,1,0,2,0,1243802
"2589",1,0,0,0,0,0,1,0,2630163
"2590",1,0,0,0,0,0,1,0,1538465
"2591",1,0,0,0,0,0,1,0,3180873
"2592",4,0,0,1,0,0,3,0,3270592
"2593",1,0,0,0,1,0,0,0,2627189
"2594",1,0,0,1,0,0,0,0,2207139
"2595",1,0,0,1,0,0,0,0,2757234
"2596",1,0,0,0,0,0,1,0,1275170
"2597",2,0,0,1,0,0,1,0,2407994
"2598",1,0,0,1,0,0,0,0,3637491
"2599",1,0,0,0,0,0,1,0,3883952
"2600",1,0,0,0,0,0,1,0,4457539
"2601",1,0,0,0,1,0,0,0,723968
"2602",2,0,0,0,0,0,2,0,4989338
"2603",1,0,0,0,0,0,1,0,2946119
"2604",1,0,0,1,0,0,0,0,3421646
"2605",1,0,0,0,0,0,1,0,138644
"2606",1,0,0,0,1,0,0,0,249484
"2607",1,0,0,0,0,0,1,0,1037315
"2608",1,0,0,0,0,0,1,0,3875147
"2609",1,0,0,0,0,0,1,0,2168877
"2610",1,0,0,0,0,0,1,0,2392221
"2611",1,0,0,1,0,0,0,0,4521189
"2612",1,0,0,0,0,0,1,0,4036555
"2613",1,0,0,1,0,0,0,0,4963044
"2614",1,0,0,1,0,0,0,0,3849954
"2615",1,0,0,0,0,0,1,0,3564776
"2616",3,0,3,0,0,0,0,0,1315174
"2617",1,0,0,0,1,0,0,0,293504
"2618",1,0,0,1,0,0,0,0,3477356
"2619",1,0,0,1,0,0,0,0,3113663
"2620",1,0,0,0,0,0,1,0,3833790
"2621",2,0,0,0,0,0,2,0,789659
"2622",1,0,0,0,0,0,1,0,736340
"2623",2,0,0,1,0,0,1,0,1008814
"2624",0,1,0,0,0,0,1,0,2964945
"2625",0,1,0,0,0,0,1,0,1116329
"2626",0,1,0,0,1,0,0,0,231673
"2627",1,0,0,1,0,0,0,0,834078
"2628",1,0,0,0,0,0,1,0,2541261
"2629",2,0,0,0,0,0,2,0,4960756
"2630",1,0,0,0,0,0,1,0,751067
"2631",1,1,0,1,0,0,1,0,1072620
"2632",0,0,1,0,0,0,0,0,2802190
"2633",0,0,1,0,0,0,0,0,3143731
"2634",0,0,1,0,0,0,0,0,3441215
"2635",0,0,1,0,0,0,0,0,1510116
"2636",0,0,1,0,0,0,0,0,4746170
"2637",0,0,1,0,0,0,0,0,521607
"2638",0,0,1,0,0,0,0,0,1096499
"2639",0,0,1,0,0,0,0,0,2973827
"2640",0,0,1,0,0,0,0,0,1564473
"2641",0,0,1,0,0,0,0,0,4035791
"2642",0,0,1,0,0,0,0,0,3086158
"2643",0,0,1,0,0,0,0,0,4143157
"2644",0,0,1,0,0,0,0,0,4490447
"2645",0,0,1,0,0,0,0,0,3587783
"2646",0,0,1,0,0,0,0,0,2201774
"2647",0,0,1,0,0,0,0,0,3784682
"2648",0,0,1,0,0,0,0,0,1915759
"2649",0,0,1,0,0,0,0,0,3714587
"2650",0,0,1,0,0,0,0,0,4922035
"2651",0,0,1,0,0,0,0,0,4661165
"2652",0,0,1,0,0,0,0,0,1862674
"2653",0,0,1,0,0,0,0,0,3292539
"2654",0,0,1,0,0,0,0,0,4436791
"2655",0,0,1,0,0,0,0,0,3326993
"2656",0,0,1,0,0,0,0,0,230409
"2657",0,0,1,0,0,0,0,0,4467287
"2658",0,0,1,0,0,0,0,0,2881575
"2659",0,0,1,0,0,0,0,0,4594176
"2660",0,0,1,0,0,0,0,0,3409072
"2661",0,0,1,0,0,0,0,0,692543
"2662",0,0,1,0,0,0,0,0,4994530
"2663",0,0,1,0,0,0,0,0,2028616
"2664",0,0,1,0,0,0,0,0,2374255
"2665",0,0,1,0,0,0,0,0,886296
"2666",0,0,1,0,0,0,0,0,3263282
"2667",0,0,1,0,0,0,0,0,4714024
"2668",0,0,1,0,0,0,0,0,4607841
"2669",0,0,1,0,0,0,0,0,2111842
"2670",0,0,1,0,0,0,0,0,674925
"2671",2,0,1,0,0,0,0,0,349852
"2672",0,0,1,0,0,0,0,0,524638
"2673",6,0,1,0,0,0,0,0,3606594
"2674",2,0,1,0,0,0,0,0,4417810
"2675",0,0,1,0,0,0,0,0,401670
"2676",0,0,1,0,0,0,0,0,1686323
"2677",0,0,1,0,0,0,0,0,77736
"2678",3,0,1,0,0,0,0,0,4309047
"2679",2,0,1,0,0,0,0,0,1166476
"2680",6,0,1,0,0,0,0,0,1308474
"2681",2,0,1,0,0,0,0,0,3823179
"2682",0,0,1,0,0,0,0,0,3589869
"2683",1,0,1,0,0,0,0,0,2633430
"2684",0,1,1,0,0,0,0,0,4934880
"2685",0,0,1,0,0,0,0,0,398252
"2686",4,0,1,0,0,0,0,0,4839526
"2687",2,1,2,0,1,0,0,0,715746
"2688",0,0,1,0,0,0,0,0,4880889
"2689",4,0,1,0,0,0,0,0,2931735
"2690",2,0,1,0,0,0,0,0,1765159
"2691",0,0,1,0,0,0,0,0,746908
"2692",0,1,1,0,0,0,0,0,4919396
"2693",1,0,1,0,0,0,0,0,2079814
"2694",0,0,1,0,0,0,0,0,4661372
"2695",0,0,1,0,0,0,0,0,2703473
"2696",5,0,1,0,0,0,0,0,3054593
"2697",4,0,1,0,0,0,0,0,2776487
"2698",0,0,1,0,0,0,0,0,3381207
"2699",0,0,1,0,0,0,0,0,3237544
"2700",1,0,1,0,0,0,0,0,1454737
"2701",0,1,1,0,0,0,0,0,2456045
"2702",0,0,1,0,0,0,0,0,971594
"2703",2,0,1,0,0,0,0,0,1719299
"2704",0,0,1,0,0,0,0,0,3101932
"2705",0,1,1,0,0,0,0,0,2005202
"2706",1,0,1,0,0,0,0,0,4764644
"2707",1,0,1,0,0,0,0,0,345212
"2708",11,0,1,0,0,0,0,0,2757522
"2709",1,0,1,0,0,0,0,0,195962
"2710",0,0,1,0,0,0,0,0,581310
"2711",2,0,1,0,0,0,0,0,4656274
"2712",1,0,1,0,0,0,0,0,3213105
"2713",1,0,1,0,0,0,0,0,795855
"2714",0,0,1,0,0,0,0,0,3989609
"2715",1,1,1,0,0,0,0,0,210018
"2716",1,0,1,0,0,0,0,0,4339162
"2717",2,0,1,0,0,0,0,0,220343
"2718",1,0,1,0,0,0,0,0,3210692
"2719",1,0,1,0,0,0,0,0,3240720
"2720",2,0,1,0,0,0,0,0,2928333
"2721",1,0,1,0,0,0,0,0,4595437
"2722",1,0,1,0,0,0,0,0,2720757
"2723",0,0,1,0,0,0,0,0,392662
"2724",0,1,1,0,0,0,0,0,2644386
"2725",1,0,1,0,0,0,0,0,1220396
"2726",0,1,1,0,0,0,0,0,1374722
"2727",1,0,1,0,0,0,0,0,1751466
"2728",1,0,1,0,0,0,0,0,169712
"2729",1,0,1,0,0,0,0,0,899680
"2730",1,0,1,0,0,0,0,0,3057768
"2731",1,0,1,0,0,0,0,0,556703
"2732",1,0,1,0,0,0,0,0,3641242
"2733",1,0,1,0,0,0,0,0,259402
"2734",2,0,1,0,0,0,0,0,4097738
"2735",3,0,0,1,0,2,2,0,3284944
"2736",1,1,1,1,0,0,0,0,3842881
"2737",1,1,1,1,0,0,0,0,441084
"2738",2,0,1,1,0,0,0,0,3537938
"2739",1,1,1,0,1,0,0,0,3369916
"2740",1,0,0,1,0,0,0,0,401035
"2741",2,0,0,2,0,0,0,0,3451428
"2742",1,2,1,1,0,2,0,0,2499461
"2743",1,1,1,1,0,0,0,0,4468433
"2744",1,0,0,1,0,0,0,0,4558811
"2745",2,3,3,2,0,0,0,0,2775945
"2746",1,1,1,1,0,0,0,0,1508314
"2747",0,1,0,1,0,0,0,0,1932822
"2748",0,3,2,1,0,0,0,0,2336734
"2749",2,0,0,2,0,0,0,0,3822982
"2750",1,1,1,1,0,0,0,0,4185610
"2751",1,0,0,0,0,0,2,0,4553453
"2752",1,1,1,1,0,0,0,0,191629
"2753",0,1,0,1,0,0,0,0,3277532
"2754",2,2,2,1,0,1,0,0,532182
"2755",1,1,1,1,0,0,0,0,3771368
"2756",3,0,1,0,0,0,0,0,2877491
"2757",1,0,1,0,0,0,0,0,1176049
"2758",1,0,1,0,0,0,0,0,2841564
"2759",2,0,1,0,0,0,0,0,2068869
"2760",1,0,1,0,0,0,0,0,2220077
"2761",2,0,1,0,0,0,0,0,1468483
"2762",2,0,1,0,0,0,0,0,2095586
"2763",2,0,1,0,0,0,0,0,1959321
"2764",1,0,1,0,0,0,0,0,147135
"2765",1,0,1,0,0,0,0,0,1794063
"2766",0,0,1,0,0,0,0,0,4937358
"2767",2,0,1,0,0,0,0,0,4223475
"2768",2,0,1,0,0,0,0,0,1739952
"2769",0,0,1,0,0,0,0,0,4239973
"2770",2,0,1,0,0,0,0,0,4042018
"2771",1,0,0,1,0,0,0,0,683028
"2772",2,0,1,0,0,0,0,0,3430976
"2773",3,0,1,0,0,0,0,0,3274788
"2774",3,0,1,0,0,0,0,0,982439
"2775",3,0,1,0,0,0,0,0,3921256
"2776",2,0,1,0,0,0,0,0,171018
"2777",1,0,0,1,0,0,0,0,1163208
"2778",2,0,1,0,0,0,0,0,4785482
"2779",2,0,1,0,0,0,0,0,679648
"2780",1,0,1,0,0,0,0,0,1433158
"2781",3,0,1,0,0,0,0,0,3451538
"2782",1,1,1,0,0,0,0,0,1856184
"2783",1,0,0,1,0,0,0,0,3814854
"2784",0,0,1,0,0,0,0,0,1882696
"2785",1,0,1,0,0,0,0,0,702272
"2786",2,0,1,0,0,0,0,0,4631413
"2787",2,0,1,0,0,0,0,0,3289090
"2788",4,1,1,0,0,0,0,0,3067978
"2789",2,0,1,0,0,0,0,0,4235030
"2790",1,0,1,0,0,0,0,0,3157303
"2791",1,0,1,0,0,0,0,0,3259104
"2792",2,0,1,0,0,0,0,0,3471091
"2793",1,0,1,0,0,0,0,0,2211331
"2794",7,2,1,0,0,0,0,0,2420168
"2795",1,0,1,0,0,0,0,0,3307107
"2796",1,0,1,0,0,0,0,0,3630001
"2797",2,0,1,0,0,0,0,0,2588019
"2798",1,0,1,0,0,0,0,0,2715052
"2799",1,0,1,0,0,0,0,0,2690529
"2800",1,0,1,0,0,0,0,0,2959928
"2801",0,0,1,0,0,0,0,0,3938244
"2802",3,0,1,0,0,0,0,0,390531
"2803",0,0,1,0,0,0,0,0,1249776
"2804",4,0,1,0,0,0,0,0,265679
"2805",3,0,1,0,0,0,0,0,2882851
"2806",1,0,1,0,0,0,0,0,764528
"2807",0,0,1,0,0,0,0,0,1425110
"2808",6,0,1,0,0,0,0,0,3953411
"2809",0,0,1,0,0,0,0,0,4912282
"2810",2,0,1,0,0,0,0,0,4506873
"2811",1,0,1,0,0,0,0,0,367024
"2812",4,0,1,0,0,0,0,0,532350
"2813",1,0,1,0,0,0,0,0,1652727
"2814",3,0,1,0,0,0,0,0,4178390
"2815",2,0,1,1,0,0,0,0,2309321
"2816",1,0,1,0,0,0,0,0,4579555
"2817",4,0,1,0,0,0,0,0,4694942
"2818",2,0,0,2,0,0,0,0,821103
"2819",0,0,1,0,0,0,0,0,2140545
"2820",2,0,1,0,0,0,0,0,4705402
"2821",0,0,0,2,0,0,0,0,1888021
"2822",1,1,1,0,0,0,0,0,3219103
"2823",4,0,1,0,0,0,0,0,442867
"2824",2,0,1,0,0,0,0,0,515368
"2825",5,0,1,0,0,0,0,0,3370019
"2826",0,0,1,0,0,0,0,0,169859
"2827",3,0,1,0,0,0,0,0,4641400
"2828",1,0,1,0,0,0,0,0,4281021
"2829",1,0,1,0,0,0,0,0,1573132
"2830",0,0,1,0,0,0,0,0,4556113
"2831",2,0,1,0,0,0,0,0,2490839
"2832",1,0,1,0,0,0,0,0,4545429
"2833",2,0,1,0,0,0,0,0,4930860
"2834",2,0,1,0,0,0,0,0,4720036
"2835",1,0,1,0,0,0,0,0,2905780
"2836",1,0,1,0,0,0,0,0,2276162
"2837",0,0,0,1,0,0,0,0,419691
"2838",5,0,1,0,0,0,0,0,3492594
"2839",1,0,1,0,0,0,0,0,3294676
"2840",2,0,1,0,0,0,0,0,2246939
"2841",1,0,1,0,0,0,0,0,2266132
"2842",1,0,1,0,0,0,0,0,3286415
"2843",1,0,1,0,0,0,0,0,1632153
"2844",2,0,1,0,0,0,0,0,785877
"2845",3,0,1,0,0,0,0,0,4168483
"2846",1,0,0,1,0,0,0,0,2006498
"2847",2,0,0,1,0,0,1,0,2447381
"2848",1,0,0,0,0,0,1,0,2801706
"2849",1,0,0,0,1,0,0,0,2768655
"2850",4,0,0,3,1,0,0,0,4809401
"2851",1,0,0,1,0,0,0,0,3202784
"2852",1,0,0,0,0,0,1,0,4218917
"2853",1,0,0,0,1,0,0,0,287259
"2854",1,0,0,1,0,0,0,0,650470
"2855",3,0,0,3,0,0,0,0,3941674
"2856",3,0,0,3,0,0,0,0,3901801
"2857",1,0,0,1,0,0,0,0,2583548
"2858",1,0,0,0,0,0,1,0,592666
"2859",1,0,0,1,0,0,0,0,2638665
"2860",1,0,0,1,0,0,0,0,978974
"2861",1,0,0,1,0,0,0,0,4761564
"2862",1,0,0,0,0,0,1,0,456702
"2863",1,0,0,1,0,0,0,0,1334228
"2864",0,1,0,0,1,0,0,0,2049562
"2865",0,1,0,1,0,0,0,0,2161040
"2866",2,0,0,2,0,0,0,0,2543609
"2867",2,0,0,2,0,0,0,0,2588205
"2868",2,0,0,2,0,0,0,0,302279
"2869",0,1,0,0,1,0,0,0,3964263
"2870",3,0,0,2,0,0,1,0,2683159
"2871",1,0,0,0,1,0,0,0,2293649
"2872",1,0,0,0,0,0,1,0,214578
"2873",1,0,0,1,0,0,0,0,4740664
"2874",1,1,0,1,0,0,1,0,3958221
"2875",1,0,0,1,0,0,0,0,4495633
"2876",1,0,0,1,0,0,0,0,602225
"2877",2,0,0,2,0,0,0,0,3853623
"2878",1,1,0,1,0,0,1,0,4575535
"2879",1,0,0,1,0,0,0,0,2812338
"2880",4,0,0,4,0,0,0,0,2745657
"2881",1,0,0,0,0,0,1,0,1881846
"2882",1,0,0,1,0,0,0,0,4657330
"2883",1,0,0,0,0,0,1,0,4350832
"2884",5,0,0,1,0,0,4,0,3557767
"2885",7,0,0,5,0,0,2,0,2530077
"2886",1,0,0,1,0,0,0,0,3538057
"2887",2,0,0,2,0,0,0,0,4152646
"2888",3,0,0,3,0,0,0,0,3826850
"2889",1,0,0,1,0,0,0,0,336660
"2890",2,0,0,2,0,0,0,0,2943947
"2891",3,0,0,1,0,0,2,0,3955709
"2892",2,0,0,0,0,0,2,0,1704983
"2893",2,0,0,1,0,0,1,0,2893456
"2894",1,0,0,1,0,0,0,0,4331525
"2895",3,0,0,1,0,0,2,0,519388
"2896",4,1,0,5,0,0,0,0,1762987
"2897",1,0,0,1,0,0,0,0,3526185
"2898",7,0,0,5,0,0,2,0,381692
"2899",2,0,0,2,0,0,0,0,2006083
"2900",1,0,1,0,0,0,0,0,4694090
"2901",5,1,1,0,0,0,0,0,3550155
"2902",1,0,1,0,0,0,0,0,4427597
"2903",0,0,0,1,0,0,0,0,1900454
"2904",1,0,1,0,0,0,0,0,4449730
"2905",0,0,0,3,1,0,1,0,2331290
"2906",1,0,1,0,0,0,0,0,4581229
"2907",1,0,1,0,0,0,0,0,4964188
"2908",0,0,0,1,0,0,1,0,1948042
"2909",1,0,1,0,0,0,0,0,2867914
"2910",1,0,1,0,0,0,0,0,3882763
"2911",1,0,1,0,0,0,0,0,289428
"2912",0,0,0,4,0,0,0,0,3993339
"2913",0,1,1,0,0,0,0,0,4148296
"2914",2,0,1,0,0,0,0,0,2217967
"2915",0,0,0,3,1,0,0,0,1514917
"2916",0,0,0,0,0,0,1,0,615690
"2917",0,1,1,0,0,0,0,0,251174
"2918",0,0,0,0,1,0,0,0,399840
"2919",0,0,1,0,1,0,0,0,4898836
"2920",1,0,1,0,0,0,0,0,2557744
"2921",0,0,0,0,1,0,0,0,4890290
"2922",1,0,1,0,0,0,0,0,3966328
"2923",2,0,1,0,0,0,0,0,3497933
"2924",1,0,1,0,0,0,0,0,4220216
"2925",0,0,0,0,2,0,0,0,2357950
"2926",1,0,1,0,0,0,0,0,3742419
"2927",1,0,1,0,0,0,0,0,154722
"2928",1,0,1,0,0,0,0,0,1037604
"2929",0,0,0,0,1,0,0,0,1470919
"2930",0,0,0,1,0,1,0,0,1460897
"2931",1,0,1,0,0,0,0,0,241886
"2932",0,0,0,3,0,0,0,0,818282
"2933",1,0,1,0,0,0,0,0,4303343
"2934",4,0,1,0,0,0,0,0,4415986
"2935",0,0,0,0,1,0,0,0,1622363
"2936",0,0,0,0,1,0,0,0,1453213
"2937",1,0,1,0,0,0,0,0,2907837
"2938",0,0,0,0,1,0,0,0,4471401
"2939",0,0,0,1,0,0,0,0,1023648
"2940",0,0,0,0,2,0,0,0,1500361
"2941",0,0,0,1,0,0,0,0,355755
"2942",1,0,1,0,0,0,0,0,722834
"2943",1,0,1,0,0,0,0,0,1424683
"2944",1,0,1,0,0,0,0,0,2347207
"2945",0,0,0,1,0,0,0,0,4045215
"2946",1,0,1,0,0,0,0,0,4348047
"2947",3,0,1,0,0,0,0,0,1449108
"2948",1,0,1,0,0,0,0,0,1678559
"2949",2,0,1,0,0,0,0,0,2927616
"2950",0,0,0,0,1,0,0,0,2715325
"2951",0,0,0,4,2,0,0,0,2662568
"2952",2,0,1,0,0,0,0,0,4793992
"2953",0,0,1,0,0,0,0,0,4399946
"2954",1,0,1,0,0,0,0,0,1957752
"2955",1,0,1,0,0,0,0,0,3731120
"2956",2,0,1,0,0,0,0,0,1703794
"2957",1,0,1,0,0,0,0,0,1402238
"2958",0,0,0,1,1,0,0,0,2300213
"2959",0,0,0,0,1,0,0,0,1829975
"2960",1,0,1,0,0,0,0,0,2793088
"2961",3,1,1,0,0,0,0,0,3261455
"2962",0,0,0,2,3,0,0,0,1948850
"2963",0,0,0,0,1,0,0,0,986165
"2964",0,0,0,1,1,0,0,0,4849361
"2965",0,0,0,2,1,0,0,0,1303076
"2966",1,0,1,0,0,0,0,0,46996
"2967",0,0,0,1,1,0,0,0,3202458
"2968",0,0,0,0,0,0,1,0,934549
"2969",2,0,1,0,0,0,0,0,2331587
"2970",0,0,1,1,0,0,0,0,306244
"2971",1,0,1,0,0,0,0,0,78830
"2972",3,0,1,0,0,0,0,0,773560
"2973",0,0,0,1,0,0,0,0,1763245
"2974",0,1,1,0,0,0,0,0,2705041
"2975",0,0,0,0,0,1,0,0,4020016
"2976",1,0,1,0,0,0,0,0,3398469
"2977",0,0,0,3,0,0,0,0,2149679
"2978",0,0,0,1,0,0,0,0,3862375
"2979",1,0,1,0,0,0,0,0,4038182
"2980",1,0,1,0,0,0,0,0,2767952
"2981",0,0,0,2,0,0,1,0,4620489
"2982",0,0,0,4,0,0,0,0,4829364
"2983",2,0,1,0,0,0,0,0,4614948
"2984",0,0,0,1,1,0,0,0,1806739
"2985",3,0,1,0,0,0,0,0,1111026
"2986",0,0,1,0,0,0,0,0,662951
"2987",0,0,0,1,1,0,1,0,2458747
"2988",0,0,0,1,0,0,0,0,2896678
"2989",1,0,1,0,0,0,0,0,1694206
"2990",0,0,0,1,0,0,0,0,542569
"2991",1,0,1,0,0,0,0,0,1362720
"2992",0,0,0,2,2,0,0,0,3380044
"2993",0,0,0,2,0,0,0,0,2531183
"2994",1,0,1,0,0,0,0,0,791315
"2995",1,0,1,0,0,0,0,0,3211558
"2996",0,0,0,0,1,0,0,0,2769134
"2997",1,0,1,0,0,0,0,0,4676033
"2998",2,0,1,0,0,0,0,0,3571784
"2999",1,0,1,0,0,0,0,0,4360076
"3000",0,0,0,1,0,0,0,0,4249087
